Symbol,Close,Avg Volume (10 Days),Last Stri--ed,CY,CY FLOAT,SOFR,YTC,YTM Raw,YTM,YTW,Ex-Dividend,Years Until Call,Years Until Maturity,Sector,Com-any Name,Cou-on,Call Date,Maturity Date,IPO,Security Ty-e,Common Stock,Issue,Float Ty-e,HTB Rate,HTB Avaiability,S&P,PFF,PFF %
C-N,28.9,,28.55,10.17,10.17,10.17,,6.08,6.64,6.64,10/26/2023,,16.82,BANK,CITIGROUP INC,7.875,10/30/2024,10/30/2024,10/1/2024,Trust Preferred Security,C,89800000,SOFR,21.04,2500000,BB+,8202197,9.13
T-C,20.06,143183,19.87,5.90,,,28.77,,,5.90,1/9/2024,1.13,,TELECOM,AT&T INC.,4.75,2/18/2024,,2/12/2024,Traditional Preferred Stock,T,70000000,,10.63,6000,BB+,6390872,9.13
JPM-M,19.11,229402,18.94,5.50,,,16.29,,,5.50,10/31/2023,2.66,,BANK,JPMORGAN CHASE & CO,4.2,9/1/2024,,7/22/2024,Traditional Preferred Stock,JPM,80000000,,1.85,900000,BBB-,5896857,7.37
JPM-C,25.32,169736,25.13,5.92,,,2.89,,,2.89,10/31/2023,0.21,,BANK,JPMORGAN CHASE & CO,6,3/21/2024,,1/16/2024,Traditional Preferred Stock,JPM,74000000,,4.66,50000,BBB-,5509588,7.45
COF-I,18.65,158821,18.50,6.71,,,46.81,,,6.71,11/15/2023,0.91,,BANK,CAPITAL ONE FINANCIAL CORP,5,12/1/2024,,9/4/2024,Traditional Preferred Stock,COF,60000000,,20.62,300000,BB,5477946,9.13
JPM-L,20.9,181987,20.75,5.53,,,13.48,,,5.53,10/31/2023,2.41,,BANK,JPMORGAN CHASE & CO,4.63,6/1/2024,,5/13/2024,Traditional Preferred Stock,JPM,74000000,,5.28,20000,BBB-,5455827,7.37
JPM-D,24.99,200287,24.78,5.76,,,,,,5.76,10/31/2023,,,BANK,JPMORGAN CHASE & CO,5.75,12/1/2024,,9/17/2024,Traditional Preferred Stock,JPM,67900000,,10.90,65000,BBB-,5041499,7.42
GS-D,21.83,71238,,7.18,7.18,6.95,,,,7.18,10/25/2023,,,BANK,GOLDMAN SACHS GROUP INC,,5/24/2024,,5/18/2024,Traditional Preferred Stock,GS,54000000,Libor,103.67,200000,BB+,4949669,9.17
WFC-Z,19.83,146224,19.75,5.99,,,28.27,,,5.99,11/29/2023,1.20,,BANK,WELLS FARGO & COMPANY/MN,4.75,3/15/2024,,1/15/2024,Traditional Preferred Stock,WFC,80500000,,4.62,250000,BB+,4890225,6.07
TBB,23.93,166977,23.65,5.60,,,,5.73,5.81,5.60,1/16/2024,,42.83,TELECOM,AT&T INC.,5.35,11/1/2024,11/1/2024,10/25/2024,Exchange-Traded Debt Security,T,52900000,,2.33,150000,BBB,4829688,9.13
MS-O,18.89,109027,18.89,5.62,,,15.04,,,5.62,12/28/2023,3.03,,BANK,MORGAN STANLEY,4.25,1/15/2024,,10/18/2024,Traditional Preferred Stock,MS,52000000,,1.75,200000,BBB-,4574049,8.80
COF-J,17.66,143672,17.53,6.80,,,35.92,,,6.80,11/15/2023,1.41,,BANK,CAPITAL ONE FINANCIAL CORP,4.8,6/1/2024,,1/28/2024,Traditional Preferred Stock,COF,50000000,,6.71,1100000,BB,4565475,9.13
JPM-K,20.52,153562,20.38,5.54,,,14.28,,,5.54,10/31/2023,2.41,,BANK,JPMORGAN CHASE & CO,4.55,6/1/2024,,3/10/2024,Traditional Preferred Stock,JPM,60000000,,5.08,75000,BBB-,4430852,7.38
T-A,21.22,85614,20.99,5.87,,,26.73,,,5.87,1/9/2024,0.94,,TELECOM,AT&T INC.,5,12/12/2024,,12/6/2024,Traditional Preferred Stock,T,48000000,,11.61,1000,BB+,4382294,9.13
ALL-H,21.79,168218,21.73,5.89,,,25.95,,,5.89,12/28/2023,0.78,,INSURANCE,ALLSTATE CORP,5.1,10/15/2024,,8/1/2024,Traditional Preferred Stock,ALL,46000000,,46.58,90000,BBB-,4199721,9.13
MS-A,21.71,68268,,7.25,7.25,7.01,,,,7.25,12/28/2023,,,BANK,MORGAN STANLEY,,7/15/2024,,6/28/2024,Traditional Preferred Stock,MS,44000000,Libor,25.28,100000,BBB-,3868291,8.79
USB-H,20.36,75087,20.40,7.59,7.59,7.34,,,,7.59,12/28/2023,,,BANK,US BANCORP \DE\,5.429,4/15/2024,,3/23/2024,Traditional Preferred Stock,USB,40000000,Libor,2.79,150000,BBB,3664880,9.16
NEE-R,38.77,,38.50,8.92,,,,26.72,26.42,8.92,11/29/2023,,1.66,ELECTRIC,NEXTERA ENERGY INC,6.93,,9/1/2024,9/14/2024,Mandatory Convertible Security,NEE,40000000,,1.64,10000,BBB,3651933,9.13
DUK-A,24.72,92211,24.64,5.82,,,10.79,,,5.82,11/16/2023,0.45,,ELECTRIC,Duke Energy CORP,5.75,6/15/2024,,3/25/2024,Traditional Preferred Stock,DUK,40000000,,10.29,70000,BBB-,3651857,9.13
MET-F,20.58,129883,20.50,5.77,,,24.21,,,5.77,11/29/2023,1.20,,INSURANCE,METLIFE INC,4.75,3/15/2024,,1/7/2024,Traditional Preferred Stock,MET,40000000,,2.92,300000,BBB,3651857,9.13
SOJD,22.67,0,22.44,5.46,,,16.31,5.66,5.66,5.46,1/26/2024,1.08,56.08,ELECTRIC,SOUTHERN CO,4.95,1/30/2024,1/30/2024,1/6/2024,Exchange-Traded Debt Security,SO,40000000,,14.13,100000,BBB-,3651857,9.13
CTBB,10.35,100571,10.15,15.83,,,,20.24,17.20,15.83,11/29/2023,,32.66,TELECOM,QWEST CORP,6.5,9/1/2024,9/1/2024,8/11/2024,Exchange-Traded Debt Security,LUMN,39100000,,34.76,1000000,B,3582541,9.16
MS-K,24.26,132531,24.19,6.04,,,7.08,,,6.04,12/28/2023,3.28,,BANK,MORGAN STANLEY,5.84,4/15/2024,,1/24/2024,Traditional Preferred Stock,MS,40000000,,3.72,40000,BBB-,3569567,8.92
MS-I,24.78,113670,24.78,6.42,,,7.48,,,6.42,12/28/2023,0.78,,BANK,MORGAN STANLEY,6.36,10/15/2024,,9/11/2024,Traditional Preferred Stock,MS,40000000,,2.11,150000,BBB-,3568266,8.92
MS-P,25.95,79310,25.95,6.26,,,5.44,,,5.44,12/28/2023,3.78,,BANK,MORGAN STANLEY,6.5,10/15/2024,,7/28/2024,Traditional Preferred Stock,MS,40000000,,4.54,60000,BBB-,3524932,8.81
TFC-R,20.42,117674,20.28,5.82,,,19.34,,,5.82,11/9/2023,1.66,,BANK,TRUIST FINANCIAL CORP,4.75,9/1/2024,,7/30/2024,Traditional Preferred Stock,TFC,37000000,,5.41,15000,BBB-,3377963,9.13
AEFC,21.59,58780,21.53,5.92,,,23.40,6.54,6.34,5.92,11/29/2023,0.95,25.95,INSURANCE,AEGON LTD.,5.1,12/15/2024,12/15/2024,10/15/2024,Exchange-Traded Debt Security,AEG,37000000,,4.63,65000,BBB-,3377355,9.13
MS-F,25.01,80652,25.01,6.88,,,-1.21,,,-1.21,12/28/2023,0.03,,BANK,MORGAN STANLEY,6.88,1/15/2024,,12/5/2024,Traditional Preferred Stock,MS,34000000,,6.36,200000,BBB-,3033901,8.92
MS-E,25.05,105388,25.10,7.09,,,,,,7.09,12/28/2023,,,BANK,MORGAN STANLEY,7.12,10/15/2024,,9/24/2024,Traditional Preferred Stock,MS,34500000,,7.10,300000,BBB-,3028156,8.78
TBC,24.97,125352,24.69,5.64,,,,5.67,5.83,5.64,1/16/2024,,43.58,TELECOM,AT&T INC.,5.63,8/1/2024,8/1/2024,7/27/2024,Exchange-Traded Debt Security,T,33000000,,4.72,5000,BBB,3012825,9.13
WFC-D,17.61,95859,17.54,6.03,,,20.87,,,6.03,11/29/2023,2.54,,BANK,WELLS FARGO & COMPANY/MN,4.25,7/20/2024,,7/20/2024,Traditional Preferred Stock,WFC,50000000,,11.99,300000,BB+,3005147,6.01
MET-E,24.18,81804,24.09,5.83,,,,,,5.83,11/29/2023,,,INSURANCE,METLIFE INC,5.63,6/15/2024,,5/30/2024,Traditional Preferred Stock,MET,32200000,,3.60,150000,BBB,2961068,9.20
F-C,24.1,,23.94,6.22,,,11.26,6.34,6.44,6.22,11/15/2023,0.91,35.91,OTHER,FORD MOTOR CO,6,12/1/2024,12/1/2024,12/11/2024,Exchange-Traded Debt Security,F,32000000,,10.63,150000,BBB-,2932028,9.16
ET-E,24.95,59042,24.64,7.62,10.77,10.57,11.64,,,7.62,10/31/2023,0.36,,OIL & GAS,Energy Transfer LP,7.6,5/15/2024,,4/17/2024,Traditional Preferred Stock,ET,32000000,Libor,26.18,600000,,2921504,9.13
EQH-A,21.21,66804,21.25,6.14,,,25.28,,,6.14,12/1/2023,0.95,,INSURANCE,"Equitable Holdings, Inc.",5.25,12/15/2024,,11/20/2024,Traditional Preferred Stock,EQH,32000000,,,,BBB-,2884934,9.02
USB-R,17.55,103716,17.55,5.70,,,22.33,,,5.70,12/28/2023,2.28,,BANK,US BANCORP \DE\,4,4/15/2024,,1/26/2024,Traditional Preferred Stock,USB,30000000,,,,BBB,2824911,9.42
WFC-A,19.81,91924,19.75,5.93,,,18.82,,,5.93,11/29/2023,1.95,,BANK,WELLS FARGO & COMPANY/MN,4.7,12/15/2024,,10/21/2024,Traditional Preferred Stock,WFC,46800000,,9.10,150000,BB+,2818281,6.02
SREA,24.58,81412,24.57,5.86,,,8.44,5.89,6.00,5.86,12/14/2023,0.74,55.49,ELECTRIC,SEMPRA,5.75,10/1/2024,7/1/2024,6/13/2024,Exchange-Traded Debt Security,SRE,30300000,,73.83,50000,BBB-,2766380,9.13
F-B,24.42,,24.18,6.37,,,15.11,6.46,6.58,6.37,11/15/2023,0.41,35.41,OTHER,FORD MOTOR CO,6.2,6/1/2024,6/1/2024,5/20/2024,Exchange-Traded Debt Security,F,30000000,,12.72,80000,BBB-,2748679,9.16
SOJE,19.93,0,19.69,5.27,,,19.76,5.99,5.67,5.27,1/11/2024,1.78,36.78,ELECTRIC,SOUTHERN CO,4.2,10/15/2024,10/15/2024,9/15/2024,Exchange-Traded Debt Security,SO,30000000,,17.25,55000,BBB-,2748679,9.16
GS-A,21.9,46938,,7.24,7.24,7.01,,,,7.24,10/25/2023,,,BANK,GOLDMAN SACHS GROUP INC,,4/10/2024,,4/18/2024,Traditional Preferred Stock,GS,30000000,Libor,66.92,70000,BB+,2748678,9.16
SCHW-D,25.08,80406,24.94,5.94,,,,,,5.94,11/15/2023,,,BANK,SCHWAB CHARLES CORP,5.95,6/1/2024,,2/29/2024,Traditional Preferred Stock,SCHW,30000000,,5.32,20000,BBB-,2748678,9.16
STT-D,25.08,63686,24.99,5.90,,,6.09,,,6.09,11/29/2023,0.20,,BANK,STATE STREET CORP,5.92,3/15/2024,,2/25/2024,Traditional Preferred Stock,STT,30000000,,2.93,150000,BBB,2748678,9.16
SYF-A,17.11,63966,16.85,8.26,,,67.55,,,8.26,10/31/2023,0.87,,FINANCE,Synchrony Financial,5.63,11/15/2024,,11/6/2024,Traditional Preferred Stock,SYF,30000000,,6.99,550000,BB-,2741456,9.14
NLY-F,25.24,54131,25.19,10.49,10.49,10.29,,,,10.49,11/30/2023,,,REIT,ANNALY CAPITAL MANAGEMENT INC,6.95,9/30/2024,,7/25/2024,Traditional Preferred Stock,NLY,28800000,Libor,6.55,1500000,,2638654,9.16
APO-A,56.68,241901,56.56,5.94,,,,2.88,3.02,3.02,1/11/2024,,2.57,OTHER,"A-ollo Global Management, Inc.",6.75,,7/31/2024,8/7/2024,Mandatory Convertible Security,APO,25000000,,1.92,1200000,,2624858,10.50
JPM-J,21.46,68345,21.30,5.55,,,24.98,,,5.55,10/31/2023,0.91,,BANK,JPMORGAN CHASE & CO,4.75,12/1/2024,,10/31/2024,Traditional Preferred Stock,JPM,36000000,,30.56,55000,BBB-,2624652,7.29
RZC,26.3,74999,26.27,6.78,7.09,8.42,5.69,6.60,6.88,5.69,12/28/2023,3.79,28.78,INSURANCE,REINSURANCE GROUP OF AMERICA INC,7.125,10/17/2024,10/15/2024,9/15/2024,Exchange-Traded Debt Security,RGA,28000000,5Y TNX,1.26,45000,BBB+,2576775,9.20
GS-K,25.375,67476,25.09,6.27,9.01,8.81,4.97,,,4.97,10/25/2023,0.35,,BANK,GOLDMAN SACHS GROUP INC,6.375,5/10/2024,,4/21/2024,Traditional Preferred Stock,GS,28000000,Libor,19.14,200000,BB+,2566725,9.17
BAC-M,22.95,117292,22.99,5.82,,,25.84,,,5.82,11/30/2023,0.48,,BANK,BANK OF AMERICA CORP /DE/,5.38,6/25/2024,,6/18/2024,Traditional Preferred Stock,BAC,55300000,,8.22,45000,BBB-,2565421,4.64
TDS-V,15.49,83428,15.47,9.68,,,28.47,,,9.68,12/14/2023,2.74,,TELECOM,TELEPHONE & DATA SYSTEMS INC /DE/,6,9/30/2024,,8/9/2024,Traditional Preferred Stock,TDS,27600000,,29.75,400000,B,2528485,9.16
WFC-C,18.3,74567,18.23,5.98,,,21.42,,,5.98,11/29/2023,2.20,,BANK,WELLS FARGO & COMPANY/MN,4.38,3/15/2024,,1/25/2024,Traditional Preferred Stock,WFC,42000000,,10.38,150000,BB+,2514316,5.99
NEE-N,24.89,,24.77,5.66,,,7.99,5.68,5.82,5.66,11/29/2023,0.45,55.16,ELECTRIC,NEXTERA ENERGY INC,5.65,6/15/2024,3/1/2024,3/6/2024,Exchange-Traded Debt Security,NEE,27500000,,19.40,30000,BBB,2510701,9.13
BAC-B,24.99,116856,24.73,6.01,,,,,,6.01,10/31/2023,,,BANK,BANK OF AMERICA CORP /DE/,6,5/16/2024,,5/7/2024,Traditional Preferred Stock,BAC,54000000,,10.77,15000,BBB-,2508696,4.65
COF-L,16.17,63414,16.05,6.76,,,24.61,,,6.76,11/15/2023,2.66,,BANK,CAPITAL ONE FINANCIAL CORP,4.38,9/1/2024,,4/29/2024,Traditional Preferred Stock,COF,27000000,,5.63,55000,BB,2473708,9.16
BPYPM,12.3,0,12.29,12.68,,,44.23,14.48,13.33,12.68,11/30/2023,2.56,57.56,REIT,Brookfield Pro-erty Partners L.P.,6.25,7/26/2024,7/26/2024,,Traditional Preferred Stock,BAM,26800000,,7.01,100000,BB,2458664,9.17
CTDD,10.42,68115,10.31,16.25,,,,20.47,17.55,16.25,12/13/2023,,33.45,TELECOM,QWEST CORP,6.75,6/15/2024,6/15/2024,4/18/2024,Exchange-Traded Debt Security,LUMN,26400000,,93.58,650000,B,2418788,9.16
BAC-N,21.5,116679,21.43,5.81,,,31.04,,,5.81,11/30/2023,0.71,,BANK,BANK OF AMERICA CORP /DE/,5,9/17/2024,,9/10/2024,Traditional Preferred Stock,BAC,52000000,,11.04,75000,BBB-,2408112,4.63
BAC-Q,18.64,111203,18.47,5.70,,,16.60,,,5.70,10/31/2023,2.87,,BANK,BANK OF AMERICA CORP /DE/,4.25,11/17/2024,,10/21/2024,Traditional Preferred Stock,BAC,51900000,,3.81,20000,BBB-,2390434,4.61
CMSD,24.65,86339,24.58,5.94,,,17.24,5.97,6.11,5.94,11/15/2023,0.16,55.16,ELECTRIC,CMS ENERGY CORP,5.88,3/1/2024,3/1/2024,2/6/2024,Exchange-Traded Debt Security,CMS,25200000,,7.49,200000,BBB-,2300687,9.13
KEY-L,21.8,105473,21.70,7.11,8.17,9.77,10.69,,,7.11,11/29/2023,3.95,,BANK,KEYCORP /NEW/,6.2,12/15/2024,,8/17/2024,Traditional Preferred Stock,KEY,24000000,5Y TNX,,,BB+,2261924,9.42
PSA-P,17.86,37876,17.85,5.60,,,20.18,,,5.60,12/12/2023,2.48,,REIT,Public Storage,4,6/26/2024,,6/7/2024,Traditional Preferred Stock,PSA,24200000,,6.28,60000,BBB+,2212376,9.14
APOS,27.35,357130,27.26,6.96,6.59,7.87,5.52,6.68,7.08,5.52,2/29/2024,4.70,29.70,OTHER,"A-ollo Global Management, Inc.",7.625,9/15/2024,9/15/2024,8/16/2024,Exchange-Traded Debt Security,APO,24000000,5Y TNX,8.47,35000,BBB,2198914,9.16
ALL-J,26.94,58638,26.94,6.84,,,5.49,,,5.49,12/28/2023,4.53,,INSURANCE,ALLSTATE CORP,7.38,7/15/2024,,5/15/2024,Traditional Preferred Stock,ALL,24000000,,1.43,90000,BBB-,2198908,9.16
ATH-C,24.85,83864,24.79,6.42,10.04,11.45,7.07,,,6.42,12/14/2023,1.74,,OTHER,Athene Holding Ltd,6.375,9/30/2024,,6/4/2024,Traditional Preferred Stock,APO,24000000,5Y TNX,3.15,300,BBB,2198908,9.16
F-D,23.93,,23.61,6.81,,,8.51,6.95,7.08,6.81,1/30/2024,3.61,38.62,OTHER,FORD MOTOR CO,6.5,8/15/2024,8/15/2024,8/16/2024,Exchange-Traded Debt Security,F,24000000,,45.13,50000,BBB-,2198908,9.16
MET-A,23.35,46728,,6.83,6.83,6.83,,,,6.83,11/29/2023,,,INSURANCE,METLIFE INC,,9/15/2024,,6/8/2024,Traditional Preferred Stock,MET,24000000,SOFR,7.43,65000,BBB-,2198908,9.16
SCHW-J,19.89,68574,19.76,5.60,,,15.80,,,5.60,11/15/2023,2.41,,BANK,SCHWAB CHARLES CORP,4.45,6/1/2024,,3/23/2024,Traditional Preferred Stock,SCHW,24000000,,,,BBB-,2192535,9.14
ATH-D,18.1141,48109,18.10,6.73,,,24.40,,,6.73,12/14/2023,1.99,,OTHER,Athene Holding Ltd,4.88,12/30/2024,,12/14/2024,Traditional Preferred Stock,APO,23000000,,4.08,150000,BBB,2135159,9.28
BHFAN,18,82195,18.16,7.38,,,25.01,,,7.38,12/7/2023,1.98,,INSURANCE,"Brighthouse Financial, Inc.",5.38,12/25/2024,,11/10/2024,Traditional Preferred Stock,BHF,23000000,,5.37,50000,BBB-,2131328,9.27
AGNCP,22.06,35352,22.06,6.94,11.66,11.43,17.38,,,6.94,12/28/2023,1.28,,REIT,AGNC Investment Cor-.,6.13,4/15/2024,,2/4/2024,Traditional Preferred Stock,AGNC,23000000,Libor,10.02,600000,,2107374,9.16
USB-P,23.22,73569,23.20,5.95,,,,,,5.95,12/28/2023,,,BANK,US BANCORP \DE\,5.5,10/15/2024,,8/7/2024,Traditional Preferred Stock,USB,23000000,,14.50,65000,BBB,2107374,9.16
TFC-O,22.49,57433,22.34,5.84,,,14.30,,,5.84,11/9/2023,1.41,,BANK,TRUIST FINANCIAL CORP,5.25,6/1/2024,,5/19/2024,Traditional Preferred Stock,TFC,23000000,,3.44,300,BBB-,2100734,9.13
AQNU,22.86,0,22.61,16.95,,,,283.35,544.83,16.95,11/30/2023,,0.45,ELECTRIC,ALGONQUIN POWER & UTILITIES CORP.,7.75,,6/15/2024,6/17/2024,Mandatory Convertible Security,AQN,23000000,,33.38,200000,BB+,2097739,9.12
PSA-L,21.05,31561,21.08,5.48,,,18.37,,,5.48,12/12/2023,1.45,,REIT,Public Storage,4.63,6/17/2024,,6/8/2024,Traditional Preferred Stock,PSA,22600000,,6.53,9000,BBB+,2068638,9.15
PRS,24.77,28772.1,24.53,5.69,,,,5.74,5.88,5.69,1/31/2024,,34.62,INSURANCE,PRUDENTIAL FINANCIAL INC,5.63,8/15/2024,8/15/2024,8/6/2024,Exchange-Traded Debt Security,PRU,22600000,,15.69,30000,BBB+,2063307,9.13
C-J,25.69,191541,25.69,9.17,9.17,9.17,,,,9.17,12/15/2023,,,BANK,CITIGROUP INC,7.125,9/30/2024,,9/12/2024,Traditional Preferred Stock,C,38000000,SOFR,12.29,85000,BB+,2050208,5.40
BAC-O,19.32,64526,19.10,5.66,,,21.42,,,5.66,1/11/2024,1.83,,BANK,BANK OF AMERICA CORP /DE/,4.38,11/3/2024,,10/27/2024,Traditional Preferred Stock,BAC,43000000,,3.26,1000,BBB-,2027479,4.72
WFC-R,25.1499,89329,25.04,6.60,9.23,9.03,5.54,,,5.54,11/29/2023,0.20,,BANK,WELLS FARGO & COMPANY/MN,6.63,3/15/2024,,12/11/2024,Traditional Preferred Stock,WFC,33600000,Libor,3.89,2200000,BB+,2016652,6.00
AXS-E,21.04,64559,21.08,6.55,,,,,,6.55,12/28/2023,,,INSURANCE,AXIS CAPITAL HOLDINGS LTD,5.5,11/7/2024,,10/31/2024,Traditional Preferred Stock,AXS,22000000,,34.18,95000,BBB,2011843,9.14
SCE-M,26.04,868708,,7.19,,,,,,7.19,,,,ELECTRIC,,7.5,11/22/2024,,11/16/2024,Trust Preferred Security,EIX,22000000,,2.43,200000,BB+,1991250,9.05
WCC-A,26.425,83575,26.39,10.05,13.54,14.87,7.17,,,7.17,12/14/2023,1.47,,ELECTRIC,WESCO INTERNATIONAL INC,10.625,6/22/2024,,,Traditional Preferred Stock,WCC,21500000,5Y TNX,2.00,1000000,,1973280,9.18
CHSCO,26.11,43925,26.08,7.55,,,,,,7.55,12/13/2023,,,OIL & GAS,CHS INC,7.88,9/26/2024,,9/19/2024,Traditional Preferred Stock,CHSCP,21500000,,16.45,10000,,1966168,9.15
NYCB-A,22.83,43289,22.68,6.99,10.34,10.12,10.14,,,6.99,12/6/2023,3.20,,BANK,NEW YORK COMMUNITY BANCORP INC,6.375,3/17/2024,,3/10/2024,Traditional Preferred Stock,NYCB,20600000,Libor,52.89,150000,B+,1942273,9.43
MER-K,25.57,87812,25.48,6.76,6.76,6.57,,6.25,6.46,6.46,12/13/2023,,42.95,BANK,BANK OF AMERICA CORP /DE/,6.45,12/15/2024,12/15/2024,,Exchange-Traded Debt Security,BAC,42000000,Libor,9.49,200000,BBB-,1940396,4.62
BANC-F,22.81,140903,,8.54,9.71,11.25,,,,8.54,,,,BANK,,7.75,9/1/2024,,6/2/2024,Traditional Preferred Stock,BANC,20530000,5Y TNX,20.92,650000,,1903673,9.27
RF-C,21.25,75417,20.98,6.74,10.06,10.06,9.90,,,6.74,10/31/2023,5.36,,BANK,REGIONS FINANCIAL CORP,5.7,5/15/2024,,4/23/2024,Traditional Preferred Stock,RF,20000000,SOFR,16.18,80000,BB+,1896723,9.48
CHSCL,25.41,74958,25.37,7.40,,,6.25,,,6.25,12/13/2023,1.05,,OIL & GAS,CHS INC,7.5,1/21/2024,,1/13/2024,Traditional Preferred Stock,CHSCP,20700000,,12.12,50000,,1896606,9.16
RF-B,23.47,76987,23.37,6.77,9.79,9.79,17.34,,,6.77,11/30/2023,0.70,,BANK,REGIONS FINANCIAL CORP,6.375,9/15/2024,,4/24/2024,Traditional Preferred Stock,RF,20000000,SOFR,26.25,500000,BB+,1888549,9.44
USB-Q,16.56,32102,16.57,5.66,,,27.94,,,5.66,12/28/2023,2.03,,BANK,US BANCORP \DE\,3.75,1/15/2024,,10/20/2024,Traditional Preferred Stock,USB,20000000,,7.39,2000,BBB,1878133,9.39
RNR-G,17.08,145933,17.05,6.12,,,22.32,,,6.12,11/29/2023,2.53,,INSURANCE,RENAISSANCERE HOLDINGS LTD,4.2,7/15/2024,,7/13/2024,Traditional Preferred Stock,RNR,20000000,,14.85,100000,BBB,1862255,9.31
ACGLN,20.07,33060,20.05,5.67,,,15.21,,,5.67,12/14/2023,2.44,,INSURANCE,ARCH CAPITAL GROUP LTD.,4.55,6/11/2024,,6/2/2024,Traditional Preferred Stock,ACGL,20000000,,6.31,55000,BBB,1857200,9.29
JXN-A,25.4194,58877,25.39,7.87,7.59,8.97,7.78,,,7.78,11/29/2023,4.24,,INSURANCE,Jackson Financial Inc.,8,3/30/2024,,3/6/2024,Traditional Preferred Stock,JXN,22000000,5Y TNX,48.26,60000,BB+,1856550,8.44
ATH-E,25.93,86657,25.86,7.51,7.68,9.03,6.95,,,6.95,12/14/2023,3.99,,OTHER,Athene Holding Ltd,7.75,12/30/2024,,12/5/2024,Traditional Preferred Stock,APO,20000000,5Y TNX,8.65,200000,BBB,1848416,9.24
CGABL,20.01,117028,19.82,5.78,,,16.05,6.47,6.15,5.78,1/31/2024,2.36,37.36,FINANCE,Carlyle Grou- Inc.,4.63,5/15/2024,5/15/2024,,Exchange-Traded Debt Security,CG,20000000,,12.06,100000,BBB,1838958,9.19
QVCC,10.74,140820,10.64,14.53,,,182.46,17.51,15.49,14.53,11/30/2023,0.90,44.90,RETAIL,QVC INC,6.25,11/26/2024,11/26/2024,11/19/2024,Exchange-Traded Debt Security,QRTEA,20000000,,113.74,200000,B-,1833421,9.17
ALL-B,25.21,105664,25.21,8.68,8.68,8.48,,5.04,5.15,5.15,9/28/2023,,29.04,INSURANCE,ALLSTATE CORP,5.1,1/15/2024,1/15/2024,1/3/2024,Exchange-Traded Debt Security,ALL,20000000,Libor,14.83,750000,BBB,1832574,9.16
DUKB,23.95,57365,23.87,5.89,,,,5.97,6.05,5.89,12/13/2023,,54.70,ELECTRIC,Duke Energy CORP,5.63,9/15/2024,9/15/2024,9/11/2024,Exchange-Traded Debt Security,DUK,20000000,,24.99,50000,BBB-,1832574,9.16
UZD,19.52,39022,19.35,8.02,,,25.08,8.65,8.39,8.02,11/29/2023,1.66,45.66,TELECOM,UNITED STATES CELLULAR CORP,6.25,9/1/2024,9/1/2024,8/10/2024,Exchange-Traded Debt Security,USM,20000000,,6.03,100000,BB,1832574,9.16
UZE,17.65,35689,17.43,7.83,,,26.06,8.76,8.22,7.83,11/29/2023,2.16,46.16,TELECOM,UNITED STATES CELLULAR CORP,5.5,3/1/2024,3/1/2024,11/30/2024,Exchange-Traded Debt Security,USM,20000000,,2.99,400000,BB,1832574,9.16
UZF,17.57,32406,17.44,7.83,,,23.89,8.75,8.21,7.83,11/29/2023,2.41,46.41,TELECOM,UNITED STATES CELLULAR CORP,5.5,6/1/2024,6/1/2024,5/10/2024,Exchange-Traded Debt Security,USM,20000000,,3.19,50000,BB,1832574,9.16
AIG-A,24.4515,52679,24.36,5.97,,,20.77,,,5.97,11/29/2023,0.20,,INSURANCE,"AMERICAN INTERNATIONAL GROUP, INC.",5.85,3/15/2024,,3/7/2024,Traditional Preferred Stock,AIG,20000000,,36.99,25000,BBB-,1832573,9.16
KEY-I,22.37,59613,22.36,6.81,10.56,10.33,10.69,,,6.81,11/29/2023,2.95,,BANK,KEYCORP /NEW/,6.125,12/15/2024,,12/5/2024,Traditional Preferred Stock,KEY,20000000,Libor,21.53,100000,BB+,1832573,9.16
PFH,19.49,43746,19.34,5.30,,,22.15,6.09,5.69,5.30,11/14/2023,1.66,36.66,INSURANCE,PRUDENTIAL FINANCIAL INC,4.13,9/1/2024,9/1/2024,8/18/2024,Exchange-Traded Debt Security,PRU,20000000,,10.29,35000,BBB+,1832573,9.16
STT-G,23.71,46172,23.74,5.63,,,8.11,,,5.63,11/29/2023,2.20,,BANK,STATE STREET CORP,5.36,3/15/2024,,4/4/2024,Traditional Preferred Stock,STT,20000000,,2.28,20000,BBB,1832573,9.16
KKRS,19.1,38170,19.09,6.05,,,18.83,6.88,6.42,6.05,12/14/2023,2.24,37.24,OTHER,KKR & Co. Inc.,4.63,4/1/2024,4/1/2024,3/25/2024,Exchange-Traded Debt Security,KKR,20000000,,11.99,20000,BBB+,1830854,9.15
NI-B,25.03,46807,24.92,6.51,7.61,9.01,8.00,,,8.00,11/22/2023,0.20,,ELECTRIC,NISOURCE INC.,6.5,3/15/2024,,11/28/2024,Traditional Preferred Stock,NI,20000000,5Y TNX,9.62,300000,BBB-,1828683,9.14
HBANP,17.765,41258,17.83,6.31,,,22.13,,,6.31,12/28/2023,2.28,,BANK,HUNTINGTON BANCSHARES INC /MD/,4.5,4/15/2024,,2/2/2024,Traditional Preferred Stock,HBAN,20000000,,18.64,4000,BB+,1826472,9.13
CHSCM,24.88,46048,24.84,6.80,9.80,9.60,7.87,,,6.80,12/13/2023,0.74,,OIL & GAS,CHS INC,6.75,9/30/2024,,9/8/2024,Traditional Preferred Stock,CHSCP,19700000,Libor,13.20,10000,,1804888,9.16
SCE-L,20.09,100417,20.02,6.22,,,,,,6.22,12/13/2023,,,ELECTRIC,SOUTHERN CALIFORNIA EDISON Co,5,6/26/2024,,6/19/2024,Trust Preferred Security,EIX,19000000,,20.84,150000,BB+,1740856,9.16
MS-L,22.14,31514,22.14,5.51,,,18.11,,,5.51,12/28/2023,1.03,,BANK,MORGAN STANLEY,4.88,1/15/2024,,11/18/2024,Traditional Preferred Stock,MS,20000000,,17.60,35000,BBB-,1718842,8.59
BAC-P,18.38,56245,18.09,5.63,,,22.30,,,5.63,1/11/2024,2.08,,BANK,BANK OF AMERICA CORP /DE/,4.13,2/2/2024,,1/21/2024,Traditional Preferred Stock,BAC,36500000,,2.56,35000,BBB-,1708912,4.68
LNC-D,27.5,54309,27.20,8.20,,,6.54,,,6.54,11/14/2023,3.91,,INSURANCE,LINCOLN NATIONAL CORP,9,12/1/2024,,11/15/2024,Traditional Preferred Stock,LNC,20000000,,7.01,25000,BBB-,1688060,8.44
CFG-E,19.69,46336,19.65,6.36,,,33.96,,,6.36,12/21/2023,1.01,,BANK,CITIZENS FINANCIAL GROUP INC/RI,5,1/6/2024,,10/21/2024,Traditional Preferred Stock,CFG,18000000,,5.90,25000,BB+,1686460,9.37
USB-S,19.82,43502,19.84,5.67,,,12.76,,,5.67,12/28/2023,3.28,,BANK,US BANCORP \DE\,4.5,4/15/2024,,2/2/2024,Traditional Preferred Stock,USB,18000000,,8.09,150000,BBB,1685713,9.37
KEY-K,21.22,48985,20.86,6.73,,,37.36,,,6.73,11/29/2023,0.70,,BANK,KEYCORP /NEW/,5.63,9/15/2024,,4/22/2024,Traditional Preferred Stock,KEY,18000000,,57.39,60000,BB,1651306,9.17
ET-C,25.34,33230,25.04,9.99,9.99,9.79,,,,9.99,10/31/2023,,,OIL & GAS,Energy Transfer LP,7.375,5/15/2024,,4/18/2024,Traditional Preferred Stock,ET,18000000,Libor,8.66,450000,,1649224,9.16
SOJC,23.7499,23648,23.63,5.52,,,,5.62,5.68,5.52,11/29/2023,,53.91,ELECTRIC,SOUTHERN CO,5.25,12/1/2024,12/1/2024,11/17/2024,Exchange-Traded Debt Security,SO,18000000,,20.64,15000,BBB-,1649224,9.16
WFC-Y,23.5,53531,23.41,6.00,,,,,,6.00,11/29/2023,,,BANK,WELLS FARGO & COMPANY/MN,5.63,6/15/2024,,4/17/2024,Traditional Preferred Stock,WFC,27600000,,,,BB+,1644286,5.96
FITBI,25.17,224541,25.15,9.04,9.04,9.04,,,,9.04,12/27/2023,,,BANK,FIFTH THIRD BANCORP,6.625,12/31/2024,,12/4/2024,Traditional Preferred Stock,FITB,18000000,SOFR,12.61,65000,BB+,1643135,9.13
ET-D,25.39,48626,25.08,10.17,10.17,9.97,,,,10.17,10/31/2023,,,OIL & GAS,Energy Transfer LP,7.625,8/15/2024,,7/16/2024,Traditional Preferred Stock,ET,17800000,Libor,23.40,650000,,1630918,9.16
NLY-I,24.569,31860,24.54,6.88,10.77,10.56,11.05,,,6.88,11/30/2023,0.49,,REIT,ANNALY CAPITAL MANAGEMENT INC,6.75,6/30/2024,,6/20/2024,Traditional Preferred Stock,NLY,17700000,Libor,23.66,650000,,1621811,9.16
BAC-K,24.74,87517,24.75,5.94,,,,,,5.94,12/28/2023,,,BANK,BANK OF AMERICA CORP /DE/,5.88,7/24/2024,,7/17/2024,Traditional Preferred Stock,BAC,34000000,,6.84,800,BBB-,1607134,4.73
PSA-R,18,21495,18.01,5.55,,,17.47,,,5.55,12/12/2023,2.88,,REIT,Public Storage,4,11/19/2024,,11/9/2024,Traditional Preferred Stock,PSA,17400000,,4.27,1000,BBB+,1592974,9.16
BHFAP,21.85,51471,21.77,7.56,,,98.62,,,7.56,12/7/2023,0.22,,INSURANCE,"Brighthouse Financial, Inc.",6.6,3/25/2024,,3/18/2024,Traditional Preferred Stock,BHF,17000000,,11.53,70000,BBB-,1581633,9.30
COF-N,15.91,47973,15.79,6.68,,,25.22,,,6.68,11/15/2023,2.66,,BANK,CAPITAL ONE FINANCIAL CORP,4.25,9/1/2024,,7/26/2024,Traditional Preferred Stock,COF,17000000,,5.49,300000,BB,1557506,9.16
NLY-G,24.67,28078,24.65,9.89,9.89,9.69,,,,9.89,11/30/2023,,,REIT,ANNALY CAPITAL MANAGEMENT INC,6.5,3/31/2024,,1/8/2024,Traditional Preferred Stock,NLY,17000000,Libor,15.10,200000,,1557506,9.16
KEY-J,20.65,38637,20.56,6.83,,,,,,6.83,11/29/2023,,,BANK,KEYCORP /NEW/,5.65,12/15/2024,,7/23/2024,Traditional Preferred Stock,KEY,17000000,,21.25,55000,BB,1557492,9.16
HPP-C,14.12,165543,14.46,8.20,,,28.77,,,8.20,12/15/2023,2.87,,REIT,"Hudson Pacific Pro-erties, Inc.",4.75,11/16/2024,,11/4/2024,Traditional Preferred Stock,HPP,17000000,,9.03,45000,B+,1542334,9.07
CHSCN,25.2,37192,25.16,7.07,9.82,9.62,4.55,,,4.55,12/13/2023,0.24,,OIL & GAS,CHS INC,7.1,3/31/2024,,3/5/2024,Traditional Preferred Stock,CHSCP,16800000,Libor,18.51,20000,,1539200,9.16
TDS-U,17.58,39445,17.55,9.43,,,26.60,,,9.43,12/14/2023,2.24,,TELECOM,TELEPHONE & DATA SYSTEMS INC /DE/,6.63,3/31/2024,,2/23/2024,Traditional Preferred Stock,TDS,16800000,,6.84,75000,B,1539200,9.16
EAI,21.51,40442,21.40,5.67,,,,6.06,5.92,5.67,11/29/2023,,42.66,ELECTRIC,ENTERGY,4.88,9/1/2024,9/1/2024,8/9/2024,Exchange-Traded Debt Security,ETR,16399999,,4.90,20000,A,1508328,9.20
RF-E,17.38,35384,17.29,6.41,,,22.53,,,6.41,11/30/2023,2.45,,BANK,REGIONS FINANCIAL CORP,4.45,6/15/2024,,4/27/2024,Traditional Preferred Stock,RF,16000000,,7.78,65000,BB+,1505762,9.41
BHFAO,22.66,31707,22.50,7.48,,,15.18,,,7.48,12/7/2023,1.48,,INSURANCE,"Brighthouse Financial, Inc.",6.75,6/25/2024,,5/18/2024,Traditional Preferred Stock,BHF,16100000,,42.32,100000,BBB-,1499041,9.31
AEL-A,21.78,180030,21.62,6.84,9.54,11.15,24.63,,,6.84,11/14/2023,0.91,,INSURANCE,AMERICAN EQUITY INVESTMENT LIFE HOLDING CO,5.95,12/1/2024,,11/14/2024,Traditional Preferred Stock,AEL,16000000,5Y TNX,71.55,150000,BB,1489344,9.31
RILYZ,14,139982,13.70,9.38,,,,26.68,22.11,9.38,1/11/2024,,4.66,FINANCE,"B. Riley Financial, Inc.",5.25,8/31/2024,8/31/2024,8/4/2024,Exchange-Traded Debt Security,RILY,16200000,,,,,1486029,9.17
ESGRP,25.185,27063,24.99,6.95,9.54,9.34,7.17,,,7.17,11/14/2023,4.71,,INSURANCE,Enstar Grou- LTD,7,9/20/2024,,6/20/2024,Traditional Preferred Stock,ESGR,16000000,Libor,7.78,100000,BB+,1485642,9.29
RZB,25.33,40051,25.27,5.68,9.50,9.30,5.37,5.64,5.81,5.37,11/30/2023,2.45,32.45,INSURANCE,REINSURANCE GROUP OF AMERICA INC,5.75,6/15/2024,6/15/2024,6/1/2024,Exchange-Traded Debt Security,RGA,16000000,Libor,22.67,20000,BBB+,1485309,9.28
NSS,26.04,57505,26.01,11.85,11.85,11.65,,7.13,7.42,7.42,12/28/2023,,19.03,OIL & GAS,NuStar Energy L.P.,7.625,1/15/2024,1/15/2024,1/14/2024,Exchange-Traded Debt Security,NS,16100000,Libor,42.20,700000,B,1476589,9.17
AGNCO,23.21,146504,23.22,7.02,11.40,11.18,17.15,,,7.02,12/28/2023,0.78,,REIT,AGNC Investment Cor-.,6.5,10/15/2024,,9/26/2024,Traditional Preferred Stock,AGNC,16100000,Libor,8.60,400000,,1475167,9.16
NTRSO,21.18,21976,21.11,5.59,,,24.54,,,5.59,12/14/2023,1.00,,BANK,NORTHERN TRUST CORP,4.7,1/1/2024,,10/29/2024,Traditional Preferred Stock,NTRS,16000000,,96.13,15000,BBB+,1473334,9.21
DTW,23.69,52588,23.54,5.53,,,,5.64,5.70,5.53,11/15/2023,,53.91,ELECTRIC,DTE ENERGY CO,5.25,12/1/2024,12/1/2024,11/13/2024,Exchange-Traded Debt Security,DTE,16000000,,17.87,5000,BBB-,1465972,9.16
NS-B,25.14,45637,25.16,11.11,11.11,10.91,,,,11.11,11/30/2023,,,OIL & GAS,NuStar Energy L.P.,7.625,6/15/2024,,4/25/2024,Traditional Preferred Stock,NS,15400000,Libor,21.86,100000,B-,1411052,9.16
BHFAL,21.45,26454,21.34,7.28,,,,7.77,7.62,7.28,11/30/2023,,34.70,INSURANCE,"Brighthouse Financial, Inc.",6.25,9/15/2024,9/15/2024,9/5/2024,Exchange-Traded Debt Security,BHF,15000000,,89.93,200000,BBB-,1398916,9.33
PBI-B,16.44,28472,16.26,10.24,,,,13.01,11.62,10.24,11/21/2023,,19.17,SHIPPING,PITNEY BOWES INC /DE/,6.7,3/7/2024,3/7/2024,2/26/2024,Exchange-Traded Debt Security,PBI,17000000,,16.59,250000,B+,1361182,8.01
OZKAP,17.11,29612,16.88,6.78,,,21.15,,,6.78,10/31/2023,2.87,,BANK,Bank OZK,4.63,11/15/2024,,10/27/2024,Traditional Preferred Stock,OZK,14000000,,86.48,100000,,1354216,9.67
CLVT-A,35.6902,3465,35.11,14.71,,,,456.79,1270.55,14.71,11/14/2023,,0.41,OTHER,CLARIVATE Plc,5.25,,6/1/2024,6/9/2024,Mandatory Convertible Security,CLVT,14400000,,5.69,300000,,1320756,9.17
BHFAM,15.45,42191,15.41,7.48,,,24.68,,,7.48,12/7/2023,2.98,,INSURANCE,"Brighthouse Financial, Inc.",4.63,12/25/2024,,11/12/2024,Traditional Preferred Stock,BHF,14000000,,26.71,100000,BBB-,1318415,9.42
SNV-E,23.645,29983,23.63,6.21,8.58,10.06,19.01,,,6.21,12/14/2023,0.49,,BANK,SYNOVUS FINANCIAL CORP,5.875,7/1/2024,,6/26/2024,Traditional Preferred Stock,SNV,14000000,5Y TNX,113.07,150000,BB-,1308906,9.35
FCNCP,20.18,97807,20.04,6.68,,,27.50,,,6.68,11/29/2023,1.20,,BANK,FIRST CITIZENS BANCSHARES INC /DE/,5.38,3/15/2024,,3/4/2024,Traditional Preferred Stock,FCNCA,13800000,,97.40,150000,,1296045,9.39
ATH-B,21.83,32153,21.81,6.46,,,27.51,,,6.46,12/14/2023,0.74,,OTHER,Athene Holding Ltd,5.63,9/30/2024,,9/16/2024,Traditional Preferred Stock,APO,13800000,,6.67,50000,BBB,1289403,9.34
HIG-G,25.1594,24966,24.92,5.96,,,,,,5.96,1/31/2024,,,INSURANCE,"HARTFORD FINANCIAL SERVICES GROUP, INC.",6,11/15/2024,,10/30/2024,Traditional Preferred Stock,HIG,13800000,,9.01,40000,BBB-,1284131,9.31
BEPH,15.84,21859,15.59,7.29,,,29.64,,,7.29,1/11/2024,2.32,,ELECTRIC,Brookfield Renewable Partners L.P.,4.63,4/30/2024,,4/12/2024,Exchange-Traded Debt Security,BEP,14000000,,24.68,150000,BBB-,1283544,9.17
DHCNI,15.19,0,14.88,9.28,,,,12.85,11.05,9.28,10/12/2023,,18.58,REIT,DIVERSIFIED HEALTHCARE TRUST,5.63,8/1/2024,8/1/2024,7/19/2024,Exchange-Traded Debt Security,DHC,14000000,,160.83,200000,CCC-,1282720,9.16
AQNB,24.63,82488,24.59,6.30,9.76,9.55,10.07,,,6.30,12/14/2023,0.49,,ELECTRIC,ALGONQUIN POWER & UTILITIES CORP.,6.2,7/1/2024,,5/17/2024,Exchange-Traded Debt Security,AQN,14000000,Libor,103.43,65000,BB+,1282706,9.16
BAC-S,20.84,60495,20.65,5.70,,,11.88,,,5.70,10/31/2023,3.12,,BANK,BANK OF AMERICA CORP /DE/,4.75,2/17/2024,,1/27/2024,Traditional Preferred Stock,BAC,27500000,,5.22,25000,BBB-,1279358,4.65
DLR-L,21.69,16604,21.67,5.99,,,27.71,,,5.99,12/14/2023,0.75,,REIT,"DIGITAL REALTY TRUST, INC.",5.2,10/4/2024,,10/1/2024,Traditional Preferred Stock,DLR,13800000,,8.42,20000,BB+,1264399,9.16
ACGLO,23.51,83070,23.49,5.78,,,,,,5.78,12/14/2023,,,INSURANCE,ARCH CAPITAL GROUP LTD.,5.45,8/17/2024,,8/14/2024,Traditional Preferred Stock,ACGL,13200000,,4.90,10000,BBB,1232120,9.33
GL-D,18.92,21605,18.93,5.59,,,17.54,6.44,5.98,5.59,11/30/2023,2.45,37.45,INSURANCE,GLOBE LIFE INC.,4.25,6/15/2024,6/15/2024,6/9/2024,Exchange-Traded Debt Security,GL,13000000,,74.22,4000,BBB+,1222089,9.40
HBANL,24.22,45603,24.10,7.13,6.94,8.40,8.05,,,7.13,12/28/2023,4.28,,BANK,HUNTINGTON BANCSHARES INC /MD/,6.875,4/15/2024,,2/27/2024,Traditional Preferred Stock,HBAN,13000000,5Y TNX,138.59,10000,BB+,1221046,9.39
KREF-A,18.6799,15667,18.58,8.70,,,22.69,,,8.70,11/29/2023,2.28,,MORTGAGE,KKR Real Estate Finance Trust Inc.,6.5,4/16/2024,,4/9/2024,Traditional Preferred Stock,KREF,13100000,,65.38,100000,,1201214,9.17
SCE-J,21.78,34038,21.74,6.14,10.00,9.77,14.90,,,6.14,12/13/2023,1.70,,ELECTRIC,SOUTHERN CALIFORNIA EDISON Co,5.375,9/15/2024,,8/17/2024,Trust Preferred Security,EIX,13000000,Libor,6.78,200000,BB+,1199129,9.22
AGNCN,25.05,66145,25.05,10.48,10.48,10.48,,,,10.48,12/28/2023,,,REIT,AGNC Investment Cor-.,7,10/15/2024,,8/15/2024,Traditional Preferred Stock,AGNC,13000000,SOFR,18.26,200000,,1191172,9.16
CIM-B,23.63,36507,23.57,8.47,12.06,11.84,38.94,,,8.47,12/14/2023,0.24,,REIT,CHIMERA INVESTMENT CORP,8,3/30/2024,,2/22/2024,Traditional Preferred Stock,CIM,13000000,Libor,97.91,500000,,1191172,9.16
RILYG,16.34,22831,15.97,7.69,,,,26.27,23.50,7.69,1/11/2024,,2.99,FINANCE,"B. Riley Financial, Inc.",5,,12/31/2024,11/29/2024,Exchange-Traded Debt Security,RILY,13000000,,36.14,150000,,1189988,9.15
RLJ-A,24.88,63649,24.88,7.84,,,,,,7.84,12/28/2023,,,REIT,RLJ Lodging Trust,7.8,,,,Traditional Convertible Preferred Stock,RLJ,12900000,,13.35,200000,,1179710,9.15
DBRG-I,23.13,18914,22.71,7.74,,,,,,7.74,1/9/2024,,,REIT,"DigitalBridge Grou-, Inc.",7.15,6/5/2024,,5/24/2024,Traditional Preferred Stock,DBRG,12900000,,29.63,90000,,1178877,9.14
VNO-M,15.21,115861,15.17,8.63,,,,,,8.63,12/14/2023,,,REIT,VORNADO REALTY TRUST,5.25,12/13/2024,,12/4/2024,Traditional Preferred Stock,VNO,12800000,,10.21,70000,BB,1170932,9.15
WAL-A,17.56,37028,17.67,6.01,10.52,12.50,19.33,,,6.01,12/14/2023,2.74,,BANK,WESTERN ALLIANCE BANCORPORATION,4.25,9/30/2024,,9/15/2024,Traditional Preferred Stock,WAL,12000000,5Y TNX,39.32,500000,,1164048,9.70
QRTEP,36.08,41076,35.59,22.16,,,108.29,48.47,33.68,22.16,11/29/2023,1.71,7.20,RETAIL,"Qurate Retail, Inc.",8,9/18/2024,3/15/2024,,Traditional Preferred Stock,QRTEA,12700000,,1.65,100000,,1163570,9.16
ASBA,22.02,26154,21.84,7.52,7.72,9.31,10.78,9.07,8.90,7.52,11/14/2023,4.16,9.16,BANK,ASSOCIATED BANC-CORP,6.625,3/1/2024,3/1/2024,2/6/2024,Exchange-Traded Debt Security,ASB,12000000,5Y TNX,3.62,10000,BBB-,1162126,9.68
PSA-I,22.245,11959,22.23,5.48,,,25.16,,,5.48,12/12/2023,0.69,,REIT,Public Storage,4.88,9/12/2024,,9/5/2024,Traditional Preferred Stock,PSA,12700000,,11.31,700,BBB+,1157729,9.12
NGL-B,28.48,31935,28.50,11.23,11.23,11.06,,,,11.23,12/30/2020,,,OIL & GAS,NGL Energy Partners LP,9,7/1/2024,,6/6/2024,Traditional Preferred Stock,NGL,12590000,Libor,78.43,100000,,1157509,9.19
TCBIO,18.7,21596,18.61,7.69,,,20.44,,,7.69,11/30/2023,2.45,,BANK,TEXAS CAPITAL BANCSHARES INC/TX,5.75,6/15/2024,,2/24/2024,Traditional Preferred Stock,TCBI,12000000,,21.32,100000,BB-,1156620,9.64
CFG-D,24.34,28025,24.34,6.53,9.28,9.28,18.18,,,6.53,12/21/2023,0.26,,BANK,CITIZENS FINANCIAL GROUP INC/RI,6.35,4/6/2024,,1/22/2024,Traditional Preferred Stock,CFG,12000000,SOFR,92.48,95000,BB+,1128089,9.40
WRB-H,19.67,25526,19.66,5.24,,,16.59,5.97,5.59,5.24,12/14/2023,2.24,37.24,INSURANCE,BERKLEY W R CORP,4.13,3/30/2024,3/30/2024,2/3/2024,Exchange-Traded Debt Security,WRB,12000000,,26.12,25000,BBB-,1127082,9.39
ALL-I,20.95,58867,20.92,5.69,,,24.76,,,5.69,12/28/2023,1.03,,INSURANCE,ALLSTATE CORP,4.75,1/15/2024,,11/5/2024,Traditional Preferred Stock,ALL,12000000,,133.65,4000,BBB-,1125522,9.38
CHSCP,30.52,13310,30.49,6.55,,,,,,6.55,12/13/2023,,,OIL & GAS,CHS INC,8,7/18/2024,,1/28/2024,Traditional Preferred Stock,,12300000,,10.62,500,,1124373,9.14
WRB-F,23.2915,71840,23.27,5.50,,,13.22,5.70,5.68,5.50,12/14/2023,0.99,35.99,INSURANCE,BERKLEY W R CORP,5.1,12/30/2024,12/30/2024,12/3/2024,Exchange-Traded Debt Security,WRB,12000000,,12.98,7000,BBB-,1122256,9.35
UNMA,25.03,84320,24.93,6.23,,,,6.24,6.40,6.40,11/30/2023,,34.45,INSURANCE,Unum Grou-,6.25,6/15/2024,6/15/2024,5/21/2024,Exchange-Traded Debt Security,UNM,12000000,,50.29,10000,BB+,1121438,9.35
AEL-B,24.41,17890,24.23,6.79,10.53,11.97,8.83,,,6.79,11/14/2023,1.66,,INSURANCE,AMERICAN EQUITY INVESTMENT LIFE HOLDING CO,6.625,9/1/2024,,6/10/2024,Traditional Preferred Stock,AEL,12000000,5Y TNX,43.67,5000,BB,1120615,9.34
JSM,20.5101,67400,20.43,7.31,,,,8.43,8.05,7.31,12/13/2023,,19.95,MORTGAGE,NAVIENT CORP,6,12/15/2024,12/15/2024,12/8/2024,Exchange-Traded Debt Security,NAVI,12000000,,9.25,70000,B+,1109755,9.25
SF-D,16.97,16321,16.78,6.68,,,23.01,,,6.68,11/30/2023,2.61,,BANK,STIFEL FINANCIAL CORP,4.5,8/15/2024,,7/14/2024,Traditional Preferred Stock,SF,12000000,,117.82,95000,BB-,1106904,9.22
SCE-K,24.14,63825,24.07,5.63,9.72,9.51,7.51,,,5.63,12/13/2023,2.20,,ELECTRIC,SOUTHERN CALIFORNIA EDISON Co,5.45,3/15/2024,,3/3/2024,Trust Preferred Security,EIX,12000000,Libor,37.44,150000,BB+,1099494,9.16
VNO-O,13.59,32277,13.59,8.18,,,32.98,,,8.18,12/14/2023,2.72,,REIT,VORNADO REALTY TRUST,4.45,9/22/2024,,9/13/2024,Traditional Preferred Stock,VNO,12000000,,25.89,100000,BB,1099468,9.16
MGR,22.77,23378,22.79,6.44,,,57.04,6.72,6.68,6.44,12/28/2023,0.24,35.24,FINANCE,"AFFILIATED MANAGERS GROUP, INC.",5.88,3/30/2024,3/30/2024,3/22/2024,Exchange-Traded Debt Security,AMG,12000000,,8.74,75000,BBB-,1099454,9.16
PRH,25.27,,25.13,5.88,,,5.89,5.87,6.04,5.89,11/14/2023,3.66,38.66,INSURANCE,PRUDENTIAL FINANCIAL INC,5.95,9/1/2024,9/1/2024,8/9/2024,Exchange-Traded Debt Security,PRU,12000000,,54.14,6000,BBB+,1099454,9.16
PSA-G,23.531,11360,23.51,5.35,,,,,,5.35,12/12/2023,,,REIT,Public Storage,5.05,8/9/2024,,7/31/2024,Traditional Preferred Stock,PSA,12000000,,8.04,1000,BBB+,1099454,9.16
VNO-L,15.72,102684,15.66,8.62,,,,,,8.62,12/14/2023,,,REIT,VORNADO REALTY TRUST,5.4,1/25/2024,,1/16/2024,Traditional Preferred Stock,VNO,12000000,,1.23,55000,BB,1099454,9.16
VNO-N,15.31,16110,15.38,8.53,,,38.14,,,8.53,12/14/2023,1.89,,REIT,VORNADO REALTY TRUST,5.25,11/24/2024,,11/20/2024,Traditional Preferred Stock,VNO,12000000,,6.48,90000,BB,1099454,9.16
BIPI,16.58,10260,16.56,7.73,,,21.82,,,7.73,12/14/2023,3.05,,OTHER,Brookfield Infrastructure Partners L.P.,5.13,1/21/2024,,1/12/2024,Exchange-Traded Debt Security,BIP,12000000,,18.48,55000,BBB-,1099441,9.16
VOYA-B,23.42,17324,23.26,5.74,7.71,9.21,7.01,,,5.74,11/24/2023,5.70,,INSURANCE,"Voya Financial, Inc.",5.35,9/15/2024,,6/11/2024,Traditional Preferred Stock,VOYA,12000000,5Y TNX,27.26,5000,BBB-,1097230,9.14
WTFCP,24.605,18390,24.61,6.99,10.66,12.09,8.09,,,6.99,12/28/2023,1.53,,BANK,WINTRUST FINANCIAL CORP,6.875,7/15/2024,,5/6/2024,Traditional Preferred Stock,WTFC,11500000,5Y TNX,49.20,25000,,1082355,9.41
EQH-C,16.48,55647,16.40,6.53,,,27.63,,,6.53,12/1/2023,2.20,,INSURANCE,"Equitable Holdings, Inc.",4.3,3/15/2024,,1/5/2024,Traditional Preferred Stock,EQH,12000000,,4.53,70000,BBB-,1081862,9.02
DBRG-J,23.25,14994,22.84,7.66,,,,,,7.66,1/9/2024,,,REIT,"DigitalBridge Grou-, Inc.",7.13,9/22/2024,,9/14/2024,Traditional Preferred Stock,DBRG,11600000,,11.93,50000,,1064910,9.18
AHL-D,20.34,25402,20.33,6.93,,,13.98,,,6.93,12/14/2023,3.00,,OTHER,ASPEN INSURANCE HOLDINGS LTD,5.63,1/1/2024,,9/13/2024,Traditional Preferred Stock,APO,10000000,,15.38,80000,BB+,1055221,10.55
BPYPN,11.27,20377,11.25,12.37,,,106.16,,,12.37,11/30/2023,1.24,,REIT,Brookfield Pro-erty Partners L.P.,5.58,3/31/2024,,2/10/2024,Traditional Preferred Stock,BAM,11500000,,31.89,300000,BB,1053631,9.16
PSA-H,24.946,27386,24.92,5.61,,,9.18,,,5.61,12/12/2023,0.19,,REIT,Public Storage,5.6,3/11/2024,,2/27/2024,Traditional Preferred Stock,PSA,11400000,,7.31,8000,BBB+,1044529,9.16
PSA-N,17.03,72675,17.14,5.65,,,29.81,,,5.65,12/12/2023,1.76,,REIT,Public Storage,3.88,10/6/2024,,9/29/2024,Traditional Preferred Stock,PSA,11300000,,14.85,50000,BBB+,1036753,9.17
AHL-C,25.36,21512,25.34,9.52,9.52,9.32,,,,9.52,12/14/2023,,,OTHER,ASPEN INSURANCE HOLDINGS LTD,5.95,7/1/2024,,4/29/2024,Traditional Preferred Stock,APO,11000000,Libor,11.98,100000,BB+,1028902,9.35
PSA-F,23.63,10207,23.40,5.51,,,,,,5.51,12/12/2023,,,REIT,Public Storage,5.15,6/2/2024,,5/23/2024,Traditional Preferred Stock,PSA,11200000,,6.17,1000,BBB+,1026231,9.16
CMSC,24.53,78121,24.53,5.99,,,,6.02,6.12,5.99,12/28/2023,,54.78,ELECTRIC,CMS ENERGY CORP,5.88,10/15/2024,10/15/2024,9/20/2024,Exchange-Traded Debt Security,CMS,11200000,,6.63,250000,BBB-,1026227,9.16
DTG,20.53,65951,20.36,5.34,,,12.55,5.73,5.54,5.34,11/15/2023,2.91,57.91,ELECTRIC,DTE ENERGY CO,4.38,12/1/2024,12/1/2024,11/15/2024,Exchange-Traded Debt Security,DTE,11200000,,13.27,500,BBB-,1026227,9.16
MFA-C,21.03,17585,21.00,7.73,13.00,12.76,23.36,,,7.73,12/1/2023,1.24,,REIT,"MFA FINANCIAL, INC.",6.5,3/31/2024,,2/25/2024,Traditional Preferred Stock,MFA,11000000,Libor,65.48,300000,,1009443,9.18
MGRB,18.65,62696,18.65,6.36,,,24.91,7.29,6.76,6.36,12/28/2023,1.74,36.74,FINANCE,"AFFILIATED MANAGERS GROUP, INC.",4.75,9/30/2024,9/30/2024,9/17/2024,Exchange-Traded Debt Security,AMG,11000000,,13.69,35000,BBB-,1007920,9.16
SCE-H,24.84,25847,24.76,5.80,8.64,8.43,11.25,,,5.80,12/13/2023,0.20,,ELECTRIC,SOUTHERN CALIFORNIA EDISON Co,5.75,3/15/2024,,2/27/2024,Trust Preferred Security,EIX,11000000,Libor,22.14,100000,BB+,1007920,9.16
ELC,21.31,125337,21.19,5.73,,,,6.15,5.98,5.73,11/29/2023,,42.66,ELECTRIC,ENTERGY,4.88,9/1/2024,9/1/2024,8/10/2024,Exchange-Traded Debt Security,ETR,10800000,,6.03,25000,A,989613,9.16
GPJA,22.24,83532,22.23,5.62,,,,5.85,5.78,5.62,12/28/2023,,53.75,ELECTRIC,GEORGIA POWER CO,5,10/1/2024,10/1/2024,9/19/2024,Exchange-Traded Debt Security,SO,10800000,,37.29,45000,BBB-,989613,9.16
RILYT,16.34,40914,16.01,9.18,,,,23.70,20.07,9.18,1/11/2024,,4.08,FINANCE,"B. Riley Financial, Inc.",6,1/31/2024,1/31/2024,1/20/2024,Exchange-Traded Debt Security,RILY,10600000,,53.93,100000,,975055,9.20
UMH-D,22.46,11024,22.34,7.08,,,,,,7.08,11/14/2023,,,REIT,"UMH PROPERTIES, INC.",6.38,1/22/2024,,1/17/2024,Traditional Preferred Stock,UMH,10600000,,25.11,100000,,967824,9.13
TWO-B,21.95,42495,21.54,8.69,12.45,12.22,13.00,,,8.69,1/11/2024,3.56,,REIT,TWO HARBORS INVESTMENT CORP.,7.625,7/27/2024,,7/12/2024,Traditional Preferred Stock,TWO,10500000,Libor,65.44,300000,,961761,9.16
KIM-M,23.32,12062,23.32,5.62,,,,,,5.62,12/29/2023,,,REIT,KIMCO REALTY CORP,5.25,12/20/2024,,12/11/2024,Traditional Preferred Stock,KIM,10500000,,,,BBB-,960827,9.15
BEPI,16.2,14350,15.91,7.53,,,23.83,17.07,14.78,7.53,1/11/2024,2.93,5.87,ELECTRIC,Brookfield Renewable Partners L.P.,0.04875,12/9/2024,11/15/2024,12/7/2024,Exchange-Traded Debt Security,BEP,10400000,,5.09,100000,BBB-,952816,9.16
EMP,22.175,23377,22.19,5.54,,,,5.84,5.73,5.54,12/28/2023,,42.74,ELECTRIC,ENTERGY,4.9,10/1/2024,10/1/2024,9/8/2024,Exchange-Traded Debt Security,ETR,10400000,,14.68,7000,A,952816,9.16
AESC,73.83,346948,72.89,9.31,,,,320.86,1420.98,9.31,11/13/2023,,0.12,ELECTRIC,AES CORP,6.88,,2/15/2024,3/3/2024,Mandatory Convertible Security,AES,10400000,,0.95,60000,BB,952289,9.16
CIM-C,20.23,21686,20.20,9.59,12.77,12.52,22.98,,,9.59,12/14/2023,1.74,,REIT,CHIMERA INVESTMENT CORP,7.75,9/30/2024,,9/13/2024,Traditional Preferred Stock,CIM,10400000,Libor,126.33,350000,,951246,9.15
FITBO,22.23,12925,22.22,5.58,,,23.49,,,5.58,12/27/2023,0.74,,BANK,FIFTH THIRD BANCORP,4.95,9/30/2024,,9/12/2024,Traditional Preferred Stock,FITB,10000000,,51.90,70000,BB+,948468,9.48
PSA-J,21.1,58126,21.08,5.59,,,28.12,,,5.59,12/12/2023,0.87,,REIT,Public Storage,4.7,11/15/2024,,11/5/2024,Traditional Preferred Stock,PSA,10400000,,6.03,15000,BBB+,948303,9.12
FBRT-E,20.31,19123,20.31,9.26,,,,,,9.26,12/28/2023,,,REIT,"Franklin BSP Realty Trust, Inc.",7.5,5/13/2024,,5/8/2024,Traditional Preferred Stock,FBRT,10300000,,12.55,250000,,947125,9.20
TVC,22.62,77299,22.57,2.36,5.64,7.00,,4.79,4.66,2.36,11/29/2023,,4.41,ELECTRIC,Tennessee Valley Authority,6.75,,6/1/2024,6/2/2024,Exchange-Traded Debt Security,,23000000,30Y TNX,12.46,20000,AA+,943833,4.10
WRB-G,21.56,16381,21.57,4.92,,,13.89,5.36,5.17,4.92,12/14/2023,1.74,36.74,INSURANCE,BERKLEY W R CORP,4.25,9/30/2024,9/30/2024,9/16/2024,Exchange-Traded Debt Security,WRB,10000000,,36.04,100,BBB-,942305,9.42
RNR-F,23.74,69413,23.61,6.07,,,,,,6.07,11/29/2023,,,INSURANCE,RENAISSANCERE HOLDINGS LTD,5.75,6/30/2024,,6/11/2024,Traditional Preferred Stock,RNR,10000000,,9.79,55000,BBB,939267,9.39
ABR-F,18.84,24320,18.48,8.30,14.38,14.38,19.78,,,8.30,1/11/2024,2.77,,MORTGAGE,ARBOR REALTY TRUST INC,6.25,10/12/2024,,10/4/2024,Traditional Preferred Stock,ABR,11300000,SOFR,29.17,650000,,925507,8.19
AL-A,24.88,15891,24.78,6.19,9.29,9.08,10.89,,,6.19,11/29/2023,0.20,,FINANCE,AIR LEASE CORP,6.15,3/15/2024,,2/25/2024,Traditional Preferred Stock,AL,10000000,Libor,18.35,450000,BB+,925110,9.25
SR-A,24.58,26019,24.35,6.01,,,10.32,,,6.01,1/24/2024,0.62,,OTHER,SPIRE INC,5.9,8/15/2024,,5/14/2024,Traditional Preferred Stock,SR,10000000,,12.26,80000,BBB,922565,9.23
PARAP,18.49,73190,18.52,30.98,,,,1833.38,2505.00,30.98,12/14/2023,,0.24,OTHER,Paramount Global,5.75,,4/1/2024,3/24/2024,Mandatory Convertible Security,PARA,10000000,,11.24,100000,,918884,9.19
BIPH,16.46,6762,16.52,7.56,,,26.48,8.46,7.84,7.56,12/14/2023,2.39,57.39,OTHER,Brookfield Infrastructure Cor-,5,5/24/2024,5/24/2024,,Exchange-Traded Debt Security,BIP,10000000,,10.43,55000,BBB-,916202,9.16
DHCNL,15.68,63838,15.48,9.97,,,,12.73,11.20,9.97,11/14/2023,,22.08,REIT,DIVERSIFIED HEALTHCARE TRUST,6.25,2/18/2024,2/1/2024,2/10/2024,Exchange-Traded Debt Security,DHC,10000000,,8.93,250000,CCC-,916202,9.16
PMT-C,19.07,18931,18.96,8.85,,,19.94,,,8.85,11/30/2023,2.64,,REIT,PennyMac Mortgage Investment Trust,6.75,8/24/2024,,8/17/2024,Traditional Preferred Stock,PMT,10000000,,26.60,150000,,916202,9.16
BPYPO,12.5199,18633,12.49,12.70,,,176.82,,,12.70,11/30/2023,0.74,,REIT,Brookfield Pro-erty Partners L.P.,6.38,9/30/2024,,8/13/2024,Traditional Preferred Stock,BAM,10000000,,16.72,600000,BB,916174,9.16
PSA-S,18.34,61340,18.31,5.59,,,16.23,,,5.59,12/12/2023,3.03,,REIT,Public Storage,4.1,1/13/2024,,1/4/2024,Traditional Preferred Stock,PSA,10000000,,4.96,150000,BBB+,915424,9.15
MTB-H,24.66,18223,24.57,5.72,9.54,9.54,6.41,,,5.72,11/30/2023,2.95,,BANK,M&T BANK CORP,5.625,12/15/2024,,10/24/2024,Traditional Preferred Stock,MTB,10000000,SOFR,48.71,35000,BB+,915423,9.15
NRUC,24.99,95296,24.76,5.52,,,8.14,5.54,5.69,5.52,1/31/2024,0.36,40.36,FINANCE,NATIONAL RURAL UTILITIES COOPERATIVE FINANCE CORP /DC/,5.5,5/15/2024,5/15/2024,5/3/2024,Exchange-Traded Debt Security,,10000000,,,,BBB,914916,9.15
TWO-C,22.2517,20872,21.85,8.13,11.91,11.69,21.96,,,8.13,1/11/2024,1.07,,REIT,TWO HARBORS INVESTMENT CORP.,7.25,1/27/2024,,11/16/2024,Traditional Preferred Stock,TWO,10000000,Libor,55.97,300000,,914786,9.15
WAFDP,14.94,37566,14.90,8.18,,,33.38,,,8.18,12/28/2023,2.28,,BANK,WAFD INC,4.88,4/15/2024,,2/1/2024,Traditional Preferred Stock,WAFD,12000000,,14.86,150000,,896223,7.47
AIZN,20.05,38473,20.06,6.54,,,17.91,7.20,6.85,6.54,12/28/2023,2.03,37.04,INSURANCE,"ASSURANT, INC.",5.25,1/15/2024,1/15/2024,11/16/2024,Exchange-Traded Debt Security,AIZ,10000000,,64.83,25000,BB+,876106,8.76
AGNCM,23.8,15128,23.80,7.23,10.42,10.21,26.77,,,7.23,12/28/2023,0.28,,REIT,AGNC Investment Cor-.,6.875,4/15/2024,,2/27/2024,Traditional Preferred Stock,AGNC,9400000,Libor,77.00,500000,,861267,9.16
OAK-B,21.29,12265,21.19,7.70,,,,,,7.70,11/30/2023,,,FINANCE,"Oaktree Ca-ital Grou-, LLC",6.55,9/15/2024,,8/2/2024,Traditional Preferred Stock,,9400000,,18.15,100000,BBB,861267,9.16
SF-C,24.75,20875,24.69,6.18,,,7.17,,,6.18,11/30/2023,1.45,,BANK,STIFEL FINANCIAL CORP,6.13,6/15/2024,,5/12/2024,Traditional Preferred Stock,SF,9000000,,,,BB-,858275,9.54
CMS-C,19.4,10236,19.40,5.41,,,15.81,,,5.41,12/28/2023,2.53,,ELECTRIC,CMS ENERGY CORP,4.2,7/15/2024,,6/24/2024,Traditional Preferred Stock,CMS,9200000,,100.63,10000,BBB-,843781,9.17
PEB-G,20.8858,5843,20.89,7.63,,,15.57,,,7.63,12/28/2023,2.36,,REIT,Pebblebrook Hotel Trust,6.38,5/13/2024,,5/6/2024,Traditional Preferred Stock,PEB,9200000,,18.76,70000,,843781,9.17
PSA-M,18.57,8156,18.56,5.55,,,26.21,,,5.55,12/12/2023,1.61,,REIT,Public Storage,4.13,8/14/2024,,8/11/2024,Traditional Preferred Stock,PSA,9200000,,5.27,8000,BBB+,842993,9.16
DTB,19.99,69164,19.95,5.48,,,19.00,5.92,5.65,5.48,12/28/2023,1.78,56.78,ELECTRIC,DTE ENERGY CO,4.38,10/15/2024,10/15/2024,9/22/2024,Exchange-Traded Debt Security,DTE,9200000,,126.05,30000,BBB-,842975,9.16
PSA-K,21.13,53882,21.11,5.63,,,25.65,,,5.63,12/12/2023,0.96,,REIT,Public Storage,4.75,12/20/2024,,12/11/2024,Traditional Preferred Stock,PSA,9200000,,17.53,20000,BBB+,842975,9.16
BC-C,23.9,0,23.86,6.66,,,25.06,6.84,6.89,6.66,12/28/2023,0.28,25.28,OTHER,BRUNSWICK CORP,6.38,4/15/2024,4/15/2024,3/8/2024,Exchange-Traded Debt Security,BC,9200000,,43.95,30000,BBB-,842961,9.16
ATCO-H,23.44,15088,23.08,8.40,,,,,,8.40,1/26/2024,,,SHIPPING,Atlas Cor-.,7.88,8/11/2024,,8/4/2024,Traditional Preferred Stock,,9000000,,73.75,150000,,836443,9.29
NSA-A,23.4754,6467,23.46,6.39,,,,,,6.39,12/14/2023,,,REIT,National Storage Affiliates Trust,6,10/11/2024,,10/3/2024,Traditional Preferred Stock,NSA,9000000,,15.41,90000,,833638,9.26
QVCD,10.71,25052,10.60,14.85,,,,17.94,15.87,14.85,11/30/2023,,43.69,RETAIL,QVC INC,6.38,9/13/2024,9/13/2024,9/10/2024,Exchange-Traded Debt Security,QRTEA,9000000,,79.84,150000,B-,832548,9.25
NS-A,25.75,11939,25.63,11.99,11.99,11.80,,,,11.99,11/30/2023,,,OIL & GAS,NuStar Energy L.P.,8.5,12/15/2024,,11/17/2024,Traditional Preferred Stock,NS,9100000,Libor,12.09,100000,B-,829999,9.12
PNFPP,22.96,17231,22.78,7.35,,,13.31,,,7.35,11/15/2023,1.66,,BANK,PINNACLE FINANCIAL PARTNERS INC,6.75,9/1/2024,,5/27/2024,Traditional Preferred Stock,PNFP,9000000,,122.93,9000,,825869,9.18
SFB,20.26,49347,20.25,6.42,,,,7.40,6.98,6.42,12/28/2023,,23.78,BANK,STIFEL FINANCIAL CORP,5.2,10/15/2024,10/15/2024,9/27/2024,Exchange-Traded Debt Security,SF,9000000,,148.79,50000,BBB-,824653,9.16
KIM-L,23.1,10089,23.13,5.53,,,,,,5.53,12/29/2023,,,REIT,KIMCO REALTY CORP,5.13,8/16/2024,,8/7/2024,Traditional Preferred Stock,KIM,8900000,,17.41,8000,BBB-,814220,9.15
BML-L,21.84,20976,,6.97,6.97,6.74,,,,6.97,10/31/2023,,,BANK,BANK OF AMERICA CORP /DE/,5.85,5/21/2024,,3/16/2024,Traditional Preferred Stock,BAC,16700000,Libor,,,BBB-,809948,4.85
SCE-G,20.35,0,20.28,6.29,,,,,,6.29,12/13/2023,,,ELECTRIC,SOUTHERN CALIFORNIA EDISON Co,5.1,3/15/2024,,1/23/2024,Trust Preferred Security,EIX,16000000,,21.70,15000,BB+,806361,5.04
AHL-E,19.53,65794,19.52,7.22,,,48.37,,,7.22,12/14/2023,0.74,,OTHER,ASPEN INSURANCE HOLDINGS LTD,5.63,10/1/2024,,8/6/2024,Traditional Preferred Stock,APO,10000000,,16.83,75000,BB+,797083,7.97
RILYK,18.3463,0,18.04,7.49,,,,25.58,24.44,7.49,1/11/2024,,2.08,FINANCE,"B. Riley Financial, Inc.",5.5,,1/31/2024,3/23/2024,Exchange-Traded Debt Security,RILY,8700000,,38.96,2000,,796985,9.16
SNV-D,25.1101,13363,25.05,8.90,8.90,8.70,,,,8.90,12/14/2023,,,BANK,SYNOVUS FINANCIAL CORP,6.3,6/21/2024,,6/12/2024,Traditional Preferred Stock,SNV,8000000,Libor,32.29,40000,BB-,785235,9.82
DLR-K,24.2561,25547,24.24,6.02,,,25.98,,,6.02,12/14/2023,0.20,,REIT,"DIGITAL REALTY TRUST, INC.",5.85,3/15/2024,,3/4/2024,Traditional Preferred Stock,DLR,8400000,,19.81,4000,BB+,769733,9.16
DBRG-H,23.38,16514,22.97,7.61,,,,,,7.61,1/9/2024,,,REIT,"DigitalBridge Grou-, Inc.",7.13,4/13/2024,,4/8/2024,Traditional Preferred Stock,DBRG,8400000,,47.03,100000,,769220,9.16
SIGIP,17.46,5436,17.39,6.59,,,27.10,,,6.59,11/29/2023,1.95,,INSURANCE,SELECTIVE INSURANCE GROUP INC,4.6,12/15/2024,,12/2/2024,Traditional Preferred Stock,SIGI,8000000,,7.59,30000,BB+,766334,9.58
FITBP,23.88,11908,23.86,6.28,,,,,,6.28,12/27/2023,,,BANK,FIFTH THIRD BANCORP,6,11/25/2024,,,Traditional Preferred Stock,FITB,8000000,,36.71,100,BB+,765444,9.57
AFGE,19.195,16786,19.12,5.86,,,23.10,6.69,6.25,5.86,11/30/2023,1.70,36.70,INSURANCE,AMERICAN FINANCIAL GROUP INC,4.5,9/15/2024,9/15/2024,9/8/2024,Exchange-Traded Debt Security,AFG,8000000,,25.96,5000,BBB-,764878,9.56
PRE-J,18.38,81627,18.29,6.63,,,21.91,,,6.63,11/29/2023,2.20,,HEALTH,PARTNERRE LTD,4.88,3/15/2024,,3/9/2024,Traditional Preferred Stock,PRE,8000000,,9.57,250000,BBB,764763,9.56
TVE,22.37,40070,22.27,2.48,5.59,6.96,,4.77,4.61,2.48,1/30/2024,,5.33,ELECTRIC,Tennessee Valley Authority,6.5,,5/1/2024,4/29/2024,Exchange-Traded Debt Security,,9280000,30Y TNX,7.61,8000,AA+,764215,8.24
AFGC,22.12,13642,21.94,5.81,,,20.93,6.20,6.08,5.81,11/30/2023,0.95,35.95,INSURANCE,AMERICAN FINANCIAL GROUP INC,5.13,12/15/2024,12/15/2024,11/22/2024,Exchange-Traded Debt Security,AFG,8000000,,147.44,10000,BBB-,760480,9.51
RCC,24.42,2784,24.10,5.89,,,,7.53,7.71,5.89,1/11/2024,,2.12,MORTGAGE,Ready Ca-ital Cor-,5.75,2/15/2024,2/15/2024,2/10/2024,Exchange-Traded Debt Security,RC,8300000,,13.20,15000,,755939,9.11
SPNT-B,25.085,33956,24.85,7.97,11.25,12.65,8.63,,,8.63,11/14/2023,2.15,,INSURANCE,SiriusPoint Ltd,8,2/26/2024,,6/28/2024,Traditional Preferred Stock,SPNT,8000000,5Y TNX,58.90,200000,BB+,755744,9.45
GPMT-A,17.38,12745,17.38,10.07,,,23.04,,,10.07,9/29/2023,2.91,,MORTGAGE,Granite Point Mortgage Trust Inc.,7,11/30/2024,,11/23/2024,Traditional Preferred Stock,GPMT,8199999,,6.84,200000,,754023,9.20
ABR-D,17.78,58662,17.36,9.00,,,25.30,,,9.00,1/11/2024,2.41,,MORTGAGE,ARBOR REALTY TRUST INC,6.38,6/2/2024,,5/25/2024,Traditional Preferred Stock,ABR,9200000,,24.06,100000,,753919,8.19
TRTX-C,15.5,10911,15.48,10.08,,,31.68,,,10.08,12/18/2023,2.44,,MORTGAGE,"TPG RE Finance Trust, Inc.",6.25,6/14/2024,,6/7/2024,Traditional Preferred Stock,TRTX,8100000,,15.47,150000,,747055,9.22
DDT,25.95,7133,25.56,7.24,,,,7.08,7.44,7.44,1/16/2024,,14.58,RETAIL,"DILLARD'S, INC.",7.5,8/12/2024,8/1/2024,8/10/2024,Trust Preferred Security,DDS,8000000,,23.46,35000,B+,744277,9.30
PEB-H,18.98,7791,18.98,7.51,,,18.70,,,7.51,12/28/2023,2.56,,REIT,Pebblebrook Hotel Trust,5.7,7/27/2024,,7/22/2024,Traditional Preferred Stock,PEB,8000000,,16.77,200000,,737312,9.22
GTLS-B,54.39,42400,54.18,6.21,,,,2.23,2.33,2.33,11/30/2023,,1.95,OTHER,CHART INDUSTRIES INC,6.75,,12/15/2024,12/12/2024,Mandatory Convertible Security,GTLS,8100000,,37.92,450000,,737135,9.10
MGRD,16.4,12169,16.34,6.42,,,22.95,7.83,6.91,6.42,12/28/2023,2.74,37.74,FINANCE,"AFFILIATED MANAGERS GROUP, INC.",4.2,9/30/2024,9/30/2024,7/8/2024,Exchange-Traded Debt Security,AMG,8000000,,89.21,45000,BBB-,733006,9.16
BIP-A,16.53,13402,16.45,7.75,,,34.55,,,7.75,11/29/2023,1.78,,OTHER,Brookfield Infrastructure Partners L.P.,5.13,10/15/2024,,9/14/2024,Traditional Preferred Stock,BIP,8000000,,10.29,50000,BBB-,732936,9.16
CIM-D,23.29,25204,23.18,8.62,11.82,11.60,49.13,,,8.62,12/14/2023,0.24,,REIT,CHIMERA INVESTMENT CORP,8,3/30/2024,,1/15/2024,Traditional Preferred Stock,CIM,8000000,Libor,28.22,500000,,732936,9.16
CMSA,24.48,17879,24.40,5.76,,,,5.80,5.91,5.76,11/29/2023,,54.20,ELECTRIC,CMS ENERGY CORP,5.63,3/15/2024,3/15/2024,3/5/2024,Exchange-Traded Debt Security,CMS,8000000,,28.62,800,BBB-,732936,9.16
DLR-J,21.99,7108,21.97,5.96,,,,,,5.96,12/14/2023,,,REIT,"DIGITAL REALTY TRUST, INC.",5.25,8/7/2024,,8/1/2024,Traditional Preferred Stock,DLR,8000000,,6.54,5000,BB+,732936,9.16
FCNCO,21.3001,11649,21.21,6.62,,,26.06,,,6.62,11/29/2023,0.95,,BANK,FIRST CITIZENS BANCSHARES INC /DE/,5.63,12/15/2024,,11/7/2024,Traditional Preferred Stock,FCNCA,8000000,,15.19,30000,,732935,9.16
BIP-B,16.07,15971,16.02,7.77,,,31.18,,,7.77,11/29/2023,2.12,,OTHER,Brookfield Infrastructure Partners L.P.,5,2/16/2024,,1/13/2024,Traditional Preferred Stock,BIP,8000000,,22.59,55000,BBB-,732922,9.16
GS-C,21.98,13620,,7.21,7.21,6.98,,,,7.21,10/25/2023,,,BANK,GOLDMAN SACHS GROUP INC,,10/31/2024,,10/25/2024,Traditional Preferred Stock,GS,8000000,Libor,37.31,25000,BB+,732921,9.16
BEP-A,17.1,10752,16.81,7.68,,,46.42,,,7.68,1/11/2024,1.24,,ELECTRIC,Brookfield Renewable Partners L.P.,5.25,3/31/2024,,2/19/2024,Traditional Preferred Stock,BEP,8000000,,41.26,100000,BBB-,731375,9.14
MFA-B,21.17,13695,21.14,8.88,,,,,,8.88,12/1/2023,,,REIT,"MFA FINANCIAL, INC.",7.5,4/15/2024,,4/8/2024,Traditional Preferred Stock,MFA,8000000,,51.77,150000,,730277,9.13
GNL-D,21.17,25367,20.71,8.88,,,148.76,,,8.88,1/4/2024,0.23,,REIT,"Global Net Lease, Inc.",7.5,3/26/2024,,3/22/2024,Traditional Preferred Stock,GNL,7900000,,8.18,100000,,726938,9.20
FATBP,15,9768,14.87,13.75,,,,,,13.75,1/5/2024,,,RETAIL,"Fat Brands, Inc",8.25,7/16/2024,,7/13/2024,Traditional Preferred Stock,FAT,1180000,,13.83,55000,,722648,61.24
MBINN,20.25,6894,20.19,7.43,,,17.50,,,7.43,12/14/2023,2.24,,BANK,Merchants Bancor-,6,4/1/2024,,3/16/2024,Traditional Preferred Stock,MBIN,6000000,,79.37,35000,,718992,11.98
PMT-B,23.45,13498,23.32,8.53,,,26.35,,,8.53,11/30/2023,0.45,,REIT,PennyMac Mortgage Investment Trust,8,6/15/2024,,6/27/2024,Traditional Preferred Stock,PMT,7800000,,29.17,150000,,714616,9.16
BWSN,19.98,29859,19.54,10.16,,,,22.73,22.50,10.16,1/11/2024,,2.15,OTHER,"Babcock & Wilcox Enter-rises, Inc.",8.13,2/28/2024,2/28/2024,2/9/2024,Exchange-Traded Debt Security,BW,7700000,,19.54,65000,,707332,9.19
BW-A,11.53,43770,11.51,16.80,,,56.08,,,16.80,12/18/2023,2.34,,OTHER,"Babcock & Wilcox Enter-rises, Inc.",7.75,5/7/2024,,5/3/2024,Traditional Preferred Stock,BW,7700000,,37.19,70000,,705656,9.16
WRB-E,24.91,35376,24.89,5.74,,,,5.75,5.87,5.74,12/14/2023,,34.24,INSURANCE,BERKLEY W R CORP,5.7,3/30/2024,3/30/2024,3/20/2024,Exchange-Traded Debt Security,WRB,7400000,,19.00,3000,BBB-,701599,9.48
TRINL,25.25,4789,25.14,6.93,,,,6.44,6.63,6.63,11/30/2023,,1.04,BDC,Trinity Ca-ital Inc.,7,1/16/2024,1/16/2024,7/20/2024,Exchange-Traded Debt Security,TRIN,7300000,,1.84,200000,,698505,9.57
IVR-C,22.26,15101,22.21,8.45,12.22,11.99,11.69,,,8.45,12/4/2023,3.73,,MORTGAGE,Invesco Mortgage Ca-ital Inc.,7.5,9/27/2024,,8/9/2024,Traditional Preferred Stock,IVR,7500000,Libor,44.55,100000,,690688,9.21
SLG-I,20.93,17224,20.98,7.77,,,,,,7.77,9/28/2023,,,REIT,SL GREEN REALTY CORP,6.5,8/10/2024,,8/9/2024,Traditional Preferred Stock,SLG,9200000,,10.14,90000,B+,688557,7.48
BC-A,24.73,0,24.73,6.59,,,,6.63,6.76,6.59,12/28/2023,,24.78,OTHER,BRUNSWICK CORP,6.5,10/15/2024,10/15/2024,10/1/2024,Exchange-Traded Debt Security,BC,7400000,,10.69,6000,BBB-,678015,9.16
BPYPP,12.86,55156,12.83,12.67,,,1646.72,,,12.67,11/30/2023,0.24,,REIT,Brookfield Pro-erty Partners L.P.,6.5,3/31/2024,,3/14/2024,Traditional Preferred Stock,BAM,7400000,,12.36,150000,BB,674041,9.11
NYMTM,23.0062,12643,23.01,8.56,13.06,12.84,17.12,,,8.56,12/28/2023,1.03,,MORTGAGE,NEW YORK MORTGAGE TRUST INC,7.875,1/15/2024,,10/10/2024,Traditional Preferred Stock,NYMT,7300000,Libor,100.81,550000,,670422,9.18
SITC-A,22.91,18653,23.12,6.88,,,,,,6.88,12/28/2023,,,REIT,SITE Centers Cor-.,6.38,6/5/2024,,5/30/2024,Traditional Preferred Stock,SITC,7000000,,27.33,90000,BB,665889,9.51
LBRDP,22.03,21768,22.03,7.94,,,,8.83,8.64,7.94,12/29/2023,,15.19,TELECOM,Liberty Broadband Cor-,0.07,,3/14/2024,,Traditional Preferred Stock,LBRDA,7200000,,66.32,100000,,662234,9.20
OPINL,12.52,45032,12.27,12.80,,,76.89,16.66,14.08,12.80,11/14/2023,1.47,26.47,REIT,OFFICE PROPERTIES INCOME TRUST,6.38,6/23/2024,6/23/2024,6/16/2024,Exchange-Traded Debt Security,OPI,6500000,,13.16,50000,BB,661934,10.18
RILYN,17.7318,41160,17.37,9.19,,,,25.95,23.32,9.19,1/11/2024,,2.74,FINANCE,"B. Riley Financial, Inc.",6.5,9/30/2024,9/30/2024,9/20/2024,Exchange-Traded Debt Security,RILY,7200000,,11.48,100000,,661541,9.19
OAK-A,21.61,8870,21.49,7.69,,,,,,7.69,11/30/2023,,,FINANCE,"Oaktree Ca-ital Grou-, LLC",6.63,6/15/2024,,5/10/2024,Traditional Preferred Stock,,7200000,,12.92,40000,BBB,659694,9.16
ADC-A,18.64,11851,18.61,5.71,,,17.21,,,5.71,9/21/2023,2.70,,REIT,AGREE REALTY CORP,4.25,9/17/2024,,9/8/2024,Traditional Preferred Stock,ADC,7000000,,33.50,15000,BB+,658979,9.41
SRC-A,23.65,32315,23.66,6.33,,,,,,6.33,12/14/2023,,,REIT,"SPIRIT REALTY CAPITAL, INC.",6,10/3/2024,,9/26/2024,Traditional Preferred Stock,SRC,6900000,,66.96,60000,BB+,648496,9.40
FULTP,17.3,67954,17.30,7.41,,,27.14,,,7.41,9/28/2023,2.03,,BANK,FULTON FINANCIAL CORP,5.13,1/15/2024,,10/22/2024,Traditional Preferred Stock,FULT,8000000,,43.00,40000,,643038,8.04
TRTN-C,24.17,7048,24.07,7.61,,,11.99,,,7.61,12/7/2023,0.95,,SHIPPING,Triton International Ltd,7.38,12/15/2024,,10/31/2024,Traditional Preferred Stock,,7000000,,11.72,55000,BB+,641402,9.16
TRTN-E,19.6,10681,19.52,7.33,,,16.87,,,7.33,12/7/2023,2.70,,SHIPPING,Triton International Ltd,5.75,9/15/2024,,8/11/2024,Traditional Preferred Stock,,7000000,,16.24,35000,BB+,641402,9.16
HBANM,21.15,19443,20.99,6.76,,,,,,6.76,2/14/2024,,,BANK,HUNTINGTON BANCSHARES INC /MD/,5.7,12/1/2024,,8/1/2024,Traditional Preferred Stock,HBAN,7000000,,149.99,10000,BB+,641387,9.16
HWCPZ,25.06,13149,24.96,6.24,,,6.47,6.24,6.40,6.47,11/30/2023,1.45,36.45,BANK,HANCOCK WHITNEY CORP,6.25,6/15/2024,6/15/2024,5/27/2024,Exchange-Traded Debt Security,HWC,6900000,,117.26,100000,BBB-,632814,9.17
TFC-I,21.57,13286,,7.27,7.10,6.86,,,,7.27,11/9/2023,,,BANK,TRUIST FINANCIAL CORP,,12/15/2024,,,Traditional Preferred Stock,TFC,6900000,Libor,63.51,20000,BBB-,632275,9.16
NS-C,25.57,24432,25.43,12.19,12.19,12.00,,,,12.19,11/30/2023,,,OIL & GAS,NuStar Energy L.P.,9,12/15/2024,,11/27/2024,Traditional Preferred Stock,NS,6900000,Libor,34.11,100000,B-,632207,9.16
PSA-O,17.23,37812,17.22,5.66,,,27.86,,,5.66,12/12/2023,1.87,,REIT,Public Storage,3.9,11/17/2024,,11/9/2024,Traditional Preferred Stock,PSA,6800000,,21.12,15000,BBB+,624905,9.19
AHH-A,23.86,7034,23.99,7.04,,,17.41,,,7.04,12/29/2023,0.46,,REIT,"Armada Hoffler Pro-erties, Inc.",6.75,6/18/2024,,6/10/2024,Traditional Preferred Stock,AHH,6800000,,41.97,35000,,624753,9.19
GNL-A,21.03,16733,20.60,8.60,,,,,,8.60,1/4/2024,,,REIT,"Global Net Lease, Inc.",7.25,9/12/2024,,9/8/2024,Traditional Preferred Stock,GNL,6800000,,32.46,40000,,623629,9.17
ARR-C,20.7201,8924,20.65,8.45,,,28.82,,,8.45,1/11/2024,1.07,,REIT,"Armour Residential REIT, Inc.",7,1/28/2024,,1/23/2024,Traditional Preferred Stock,ARR,6850000,,54.61,100000,,620529,9.06
BAC-E,22.58,54112,,6.58,6.58,6.35,,,,6.58,10/30/2023,,,BANK,BANK OF AMERICA CORP /DE/,,11/15/2024,,11/1/2024,Traditional Preferred Stock,BAC,12300000,Libor,23.66,600,BBB-,597123,4.85
FGN,26.04,607985,25.90,7.64,,,7.24,7.52,7.86,7.24,2/29/2024,4.95,29.95,INSURANCE,,7.95,12/15/2024,12/15/2024,11/30/2024,Exchange-Traded Debt Security,FG,13800000,,17.99,800000,BBB-,593367,4.30
SF-B,24.48,15028,24.38,6.37,,,20.65,,,6.37,11/30/2023,0.20,,BANK,STIFEL FINANCIAL CORP,6.25,3/15/2024,,2/22/2024,Traditional Preferred Stock,SF,6400000,,30.96,600,BB-,586467,9.16
SPLP-A,23.2,12260,23.11,6.47,,,,10.42,10.49,6.47,11/30/2023,,2.10,FINANCE,STEEL PARTNERS HOLDINGS L.P.,6,,2/7/2024,2/7/2024,Traditional Preferred Stock,SPLP,6300000,,11.91,75000,,582833,9.25
KMPB,20.48,64936,20.39,7.17,9.92,11.63,13.66,7.76,7.51,7.17,11/30/2023,3.20,38.20,INSURANCE,KEMPER Cor-,5.875,3/15/2024,3/15/2024,3/3/2024,Exchange-Traded Debt Security,KMPR,6000000,5Y TNX,37.53,95000,BB,581308,9.69
BML-H,20.36,33498,,7.66,7.66,7.42,,,,7.66,11/14/2023,,,BANK,BANK OF AMERICA CORP /DE/,,11/28/2024,,3/9/2024,Traditional Preferred Stock,BAC,12000000,Libor,17.80,15000,BBB-,579794,4.83
BOH-A,16.6,13696,16.37,6.59,,,24.21,,,6.59,10/16/2023,2.58,,BANK,BANK OF HAWAII CORP,4.38,8/1/2024,,6/8/2024,Traditional Preferred Stock,BOH,7200000,,87.76,55000,,579330,8.05
AFGD,23.01,15766,22.68,6.16,,,13.51,6.44,6.42,6.16,11/14/2023,1.41,36.41,INSURANCE,AMERICAN FINANCIAL GROUP INC,5.63,6/1/2024,6/1/2024,5/22/2024,Exchange-Traded Debt Security,AFG,6000000,,222.40,40000,BBB-,576930,9.62
FRT-C,22.75,10663,22.75,5.49,,,,,,5.49,12/29/2023,,,REIT,FEDERAL REALTY INVESTMENT TRUST,5,9/29/2024,,9/25/2024,Traditional Preferred Stock,FRT,6000000,,14.72,35000,BBB-,575509,9.59
ARGO-A,23.68,107833,23.50,7.41,11.33,12.81,11.32,,,7.41,8/30/2023,1.70,,INSURANCE,"Argo Grou- International Holdings, Ltd.",7,9/15/2024,,7/7/2024,Traditional Preferred Stock,,6000000,5Y TNX,67.86,100000,,573660,9.56
INN-E,21.47,7795,21.29,7.27,,,,,,7.27,11/15/2023,,,REIT,"Summit Hotel Pro-erties, Inc.",6.25,11/13/2024,,11/2/2024,Traditional Preferred Stock,INN,6400000,,40.88,15000,,573229,8.96
MHNC,18.82,3530,18.61,10.31,,,,12.00,11.35,10.31,11/14/2023,,19.91,INSURANCE,"Maiden Holdings, Ltd.",7.75,12/1/2024,12/1/2024,11/18/2024,Exchange-Traded Debt Security,MHLD,6100000,,3.27,200000,,571898,9.38
ATLCL,23.1,7936,22.77,6.63,,,,10.64,9.96,6.63,10/12/2023,,2.91,FINANCE,Atlanticus Holdings Cor-,6.13,11/30/2024,11/30/2024,11/24/2024,Exchange-Traded Debt Security,ATLC,6000000,,25.63,500,,568300,9.47
FOSLL,13.88,18822,13.68,12.61,,,,41.83,35.02,12.61,11/14/2023,,2.91,RETAIL,"Fossil Grou-, Inc.",7,11/30/2024,11/30/2024,11/1/2024,Exchange-Traded Debt Security,FOSL,6000000,,46.37,90000,CCC+,556856,9.28
BWNB,17.3832,14911,17.40,9.33,,,,23.90,21.90,9.33,12/14/2023,,2.99,OTHER,"Babcock & Wilcox Enter-rises, Inc.",6.5,,12/31/2024,12/7/2024,Exchange-Traded Debt Security,BW,6100000,,47.88,50000,,556479,9.12
ARGD,23.01,36033,23.03,7.05,,,,7.50,7.49,7.05,11/30/2023,,18.70,INSURANCE,"Argo Grou- International Holdings, Ltd.",6.5,9/15/2024,9/15/2024,9/20/2024,Exchange-Traded Debt Security,,5800000,,9.97,2000,BBB-,555723,9.58
NYMTN,21.3797,18777,21.38,9.35,13.20,12.96,13.45,,,9.35,12/28/2023,3.78,,MORTGAGE,NEW YORK MORTGAGE TRUST INC,8,10/15/2024,,10/5/2024,Traditional Preferred Stock,NYMT,6100000,Libor,20.38,200000,,553500,9.07
PEB-F,21.25,15620,21.23,7.44,,,,,,7.44,12/28/2023,,,REIT,Pebblebrook Hotel Trust,6.3,5/25/2024,,5/18/2024,Traditional Preferred Stock,PEB,6000000,,3.69,10000,,553073,9.22
TGH-B,24.5,39603,24.47,6.38,,,7.44,,,6.38,11/30/2023,2.95,,SHIPPING,TEXTAINER GROUP HOLDINGS LTD,6.25,12/15/2024,,8/16/2024,Traditional Preferred Stock,TGH,6000000,,6.25,200000,,552531,9.21
CADE-A,19.6,10409,19.39,7.04,,,41.27,,,7.04,11/2/2023,0.88,,BANK,Cadence Bank,5.5,11/20/2024,,11/14/2024,Traditional Preferred Stock,CADE,6900000,,21.95,2000,BB+,552484,8.01
TGH-A,24.94,8585,24.83,7.02,10.15,11.55,7.48,,,7.02,11/30/2023,2.45,,SHIPPING,TEXTAINER GROUP HOLDINGS LTD,7,6/15/2024,,4/6/2024,Traditional Preferred Stock,TGH,6000000,5Y TNX,86.41,75000,,552444,9.21
CFR-B,17.61,13802,17.51,6.33,,,26.40,,,6.33,11/29/2023,1.95,,BANK,"CULLEN/FROST BANKERS, INC.",4.45,12/15/2024,,11/12/2024,Traditional Preferred Stock,CFR,6000000,,65.82,15000,BBB-,551824,9.20
WSBCP,24.12,9161,23.78,7.02,10.96,12.42,9.87,,,7.02,10/31/2023,1.87,,BANK,WESBANCO INC,6.75,11/15/2024,,8/4/2024,Traditional Preferred Stock,WSBC,6000000,5Y TNX,47.92,15000,,551824,9.20
EPR-G,20.22,10095,20.22,7.12,,,,,,7.12,12/28/2023,,,REIT,EPR PROPERTIES,5.75,11/30/2024,,11/20/2024,Traditional Preferred Stock,EPR,6000000,,23.16,35000,B+,551455,9.19
CNO-A,16.9598,2926,16.81,7.55,,,31.00,8.86,8.08,7.55,11/14/2023,1.89,36.90,INSURANCE,"CNO Financial Grou-, Inc.",5.13,11/25/2024,11/25/2024,11/18/2024,Exchange-Traded Debt Security,CNO,6000000,,37.00,25000,BB,550050,9.17
AGNCL,21.82,38682,21.78,8.90,9.62,11.23,12.51,,,8.90,12/28/2023,3.78,,REIT,AGNC Investment Cor-.,7.75,10/15/2024,,9/8/2024,Traditional Preferred Stock,AGNC,6000000,5Y TNX,29.98,100000,,549784,9.16
TRTN-D,22.62,6564,22.51,7.60,,,17.21,,,7.60,12/7/2023,1.20,,SHIPPING,Triton International Ltd,6.88,3/15/2024,,1/16/2024,Traditional Preferred Stock,,6000000,,10.92,60000,BB,549784,9.16
WBS-F,18.7382,9012,18.66,6.99,,,,,,6.99,11/30/2023,,,BANK,WEBSTER FINANCIAL CORP,5.25,12/15/2024,,12/5/2024,Traditional Preferred Stock,WBS,6000000,,27.60,10000,BB,549770,9.16
CSSEP,5.34,68714,5.34,45.69,,,,,,45.69,11/29/2023,,,OTHER,"Chicken Sou- for the Soul Entertainment, Inc.",9.75,6/27/2024,,6/19/2024,Traditional Preferred Stock,CSSE,3700000,,14.54,200000,,547820,14.81
FHN-E,23,12891,23.00,7.07,,,12.01,,,7.07,12/22/2023,1.77,,BANK,FIRST HORIZON CORP,6.5,10/10/2024,,5/20/2024,Traditional Preferred Stock,FHN,6000000,,41.27,35000,,547711,9.13
LANDO,18.945,16401,18.90,7.92,,,,,,7.92,12/15/2023,,,REIT,GLADSTONE LAND Cor-,6,1/10/2024,,1/10/2024,Traditional Preferred Stock,LAND,5960000,,131.47,80000,,544409,9.13
SNCRL,19.49,4421,19.03,10.74,,,,24.59,22.54,10.74,10/12/2023,,2.49,TELECOM,SYNCHRONOSS TECHNOLOGIES INC,8.38,6/30/2024,6/30/2024,6/28/2024,Exchange-Traded Debt Security,SNCR,5600000,,11.47,65000,,542512,9.69
FHN-F,16.56,10914,16.56,7.10,,,24.64,,,7.10,12/22/2023,2.52,,BANK,FIRST HORIZON CORP,4.7,7/10/2024,,4/28/2024,Traditional Preferred Stock,FHN,6000000,,27.33,35000,BB-,542008,9.03
RILYM,22.305,26943,21.95,7.15,,,,21.74,19.41,7.15,1/11/2024,,1.16,FINANCE,"B. Riley Financial, Inc.",6.38,2/28/2024,2/28/2024,2/10/2024,Exchange-Traded Debt Security,RILY,5900000,,28.85,50000,,536643,9.10
CIM-A,21.3,10196,21.27,9.39,,,,,,9.39,12/14/2023,,,REIT,CHIMERA INVESTMENT CORP,8,10/30/2024,,10/6/2024,Traditional Preferred Stock,CIM,5800000,,276.53,100000,,533572,9.20
PSA-Q,17.34,8100,17.29,5.71,,,20.72,,,5.71,12/12/2023,2.62,,REIT,Public Storage,3.95,8/17/2024,,8/11/2024,Traditional Preferred Stock,PSA,5800000,,41.17,30000,BBB+,530863,9.15
GAINZ,23.25,3006,22.98,5.24,,,,6.99,6.97,5.24,1/11/2024,,4.83,BDC,GLADSTONE INVESTMENT CORPORATION\DE,4.88,11/1/2024,11/1/2024,8/12/2024,Exchange-Traded Debt Security,GAIN,5400000,,139.25,95000,,527489,9.77
TRTN-B,24.95,6863,24.84,8.02,,,9.22,,,8.02,12/7/2023,0.70,,SHIPPING,Triton International Ltd,8,9/15/2024,,6/17/2024,Traditional Preferred Stock,,5800000,,105.17,70000,BB+,526864,9.08
MBINM,24.7,51852,24.69,8.35,8.43,9.85,8.94,,,8.35,12/14/2023,3.74,,BANK,Merchants Bancor-,8.25,10/1/2024,,9/22/2024,Traditional Preferred Stock,MBIN,5700000,5Y TNX,64.32,55000,,522180,9.16
RILYO,24.29,29204,23.87,6.97,,,,20.55,19.49,6.97,1/11/2024,,0.41,FINANCE,"B. Riley Financial, Inc.",6.75,5/31/2024,5/31/2024,5/7/2024,Exchange-Traded Debt Security,RILY,5600000,,65.79,100000,,514989,9.20
ZIONO,25.49,20540,25.37,9.45,9.45,9.45,,,,9.45,11/30/2023,,,BANK,"ZIONS BANCORPORATION, NATIONAL ASSOCIATION /UT/",6.3,3/15/2024,,1/31/2024,Traditional Preferred Stock,ZION,5500000,SOFR,52.31,150000,BB+,507210,9.22
GAINN,23.9,4858,23.62,5.23,,,,7.61,7.72,5.23,1/11/2024,,2.32,BDC,GLADSTONE INVESTMENT CORPORATION\DE,5,5/3/2024,5/1/2024,2/24/2024,Exchange-Traded Debt Security,GAIN,5100000,,25.45,100000,,502941,9.86
WBS-G,22.8732,9173,22.87,7.13,,,,,,7.13,12/28/2023,,,BANK,WEBSTER FINANCIAL CORP,6.5,10/15/2024,,10/2/2024,Traditional Preferred Stock,WBS,5400000,,28.56,10000,,494665,9.16
EPR-C,20.85,28487,20.85,6.91,,,,,,6.91,12/28/2023,,,REIT,EPR PROPERTIES,5.75,1/15/2024,,12/20/2024,Traditional Convertible Preferred Stock,EPR,5400000,,105.49,75000,B+,494083,9.15
ATCO-D,24.4516,13227,24.08,8.14,,,,,,8.14,1/26/2024,,,SHIPPING,Atlas Cor-.,7.95,1/30/2024,,12/6/2024,Traditional Preferred Stock,,5100000,,63.66,50000,,491658,9.64
NYMTL,19.34,12473,19.34,8.89,14.89,14.89,18.35,,,8.89,12/28/2023,2.78,,MORTGAGE,NEW YORK MORTGAGE TRUST INC,6.875,10/15/2024,,6/28/2024,Traditional Preferred Stock,NYMT,5700000,SOFR,20.84,150000,,491239,8.62
AFGB,23.74,20781,23.64,6.21,,,34.44,6.38,6.41,6.21,12/14/2023,0.24,35.24,INSURANCE,AMERICAN FINANCIAL GROUP INC,5.88,3/30/2024,3/30/2024,3/12/2024,Exchange-Traded Debt Security,AFG,5000000,,7.48,1000,BBB-,484606,9.69
PSEC-A,18.275,40636,18.00,7.32,,,21.12,,,7.32,1/16/2024,2.54,,BDC,PROSPECT CAPITAL CORP,5.35,7/19/2024,,7/12/2024,Traditional Preferred Stock,PSEC,5900000,,130.19,50000,BB,479804,8.13
DCOMP,17.62,6647,17.42,7.80,,,46.91,,,7.80,11/7/2023,1.12,,BANK,"Dime Community Bancshares, Inc. /NY/",5.5,2/15/2024,,1/29/2024,Traditional Preferred Stock,DCOM,5300000,,32.54,100000,,479365,9.04
CNOBP,18.9,5991,18.76,6.94,11.12,12.98,18.21,,,6.94,11/14/2023,2.66,,BANK,"ConnectOne Bancor-, Inc.",5.25,9/1/2024,,8/13/2024,Traditional Preferred Stock,CNOB,4600000,5Y TNX,46.02,150000,,477141,10.37
ABR-E,18.14,6526,17.84,8.59,,,22.28,,,8.59,1/11/2024,2.60,,MORTGAGE,ARBOR REALTY TRUST INC,6.25,8/11/2024,,8/4/2024,Traditional Preferred Stock,ABR,5800000,,54.19,40000,,476904,8.22
VLYPP,20.0985,39097,20.08,7.76,11.74,11.49,24.05,,,7.76,12/13/2023,1.49,,BANK,VALLEY NATIONAL BANCORP,6.25,6/30/2024,,6/16/2024,Traditional Preferred Stock,VLY,4600000,Libor,19.73,95000,BB,473123,10.29
MBINO,23.77,10705,23.76,6.31,10.69,10.47,13.80,,,6.31,12/14/2023,0.74,,BANK,Merchants Bancor-,6,10/1/2024,,8/12/2024,Traditional Preferred Stock,MBIN,5000000,Libor,38.08,20000,,471729,9.43
TWO-A,22.76,8611,22.31,8.92,12.36,12.14,12.56,,,8.92,1/11/2024,3.31,,REIT,TWO HARBORS INVESTMENT CORP.,8.125,4/27/2024,,3/7/2024,Traditional Preferred Stock,TWO,5100000,Libor,18.62,150000,,467874,9.17
CDR-C,12.18,12389,11.96,13.38,,,,,,13.38,11/9/2023,,,REIT,"CEDAR REALTY TRUST, INC.",6.5,8/24/2024,,8/16/2024,Traditional Preferred Stock,,5000000,,19.11,80000,,466676,9.33
AGM-G,19.1201,6668,19.12,6.37,,,17.35,,,6.37,12/29/2023,2.54,,MORTGAGE,FEDERAL AGRICULTURAL MORTGAGE CORP,4.88,7/17/2024,,,Traditional Preferred Stock,AGM,5000000,,20.09,15000,,460257,9.21
COF-K,17.18,14775,17.01,6.75,,,29.10,,,6.75,11/15/2023,1.91,,BANK,CAPITAL ONE FINANCIAL CORP,4.63,12/1/2024,,9/10/2024,Traditional Preferred Stock,COF,5000000,,7.70,50000,BB,458970,9.18
BC-B,24.5403,0,24.54,6.76,,,75.94,6.83,6.95,6.76,12/28/2023,0.03,25.04,OTHER,BRUNSWICK CORP,6.63,1/15/2024,1/15/2024,11/26/2024,Exchange-Traded Debt Security,BC,5000000,,15.86,150000,BBB-,458250,9.17
WTFCM,23,12579,23.00,7.09,10.49,10.27,12.78,,,7.09,12/28/2023,1.53,,BANK,WINTRUST FINANCIAL CORP,6.5,7/15/2024,,6/22/2024,Traditional Preferred Stock,WTFC,5000000,Libor,50.05,9000,,457664,9.15
FTAIO,25.025,21668,24.95,7.98,12.00,11.80,8.35,,,8.35,11/30/2023,0.95,,SHIPPING,FTAI Aviation Ltd.,8,12/15/2024,,11/22/2024,Traditional Preferred Stock,FTAI,4900000,Libor,17.59,7000,,454652,9.28
NEWTZ,23.8,3949,23.50,5.78,,,,8.67,8.81,5.78,10/12/2023,,2.08,BDC,"NewtekOne, Inc.",5.5,2/1/2024,2/1/2024,1/14/2024,Exchange-Traded Debt Security,NEWT,4600000,,76.26,60000,,451728,9.82
EQC-D,25.155,5992,24.89,6.48,,,,,,6.48,10/30/2023,,,REIT,Equity Commonwealth,6.5,11/20/2024,,10/10/2024,Traditional Convertible Preferred Stock,EQC,4900000,,209.41,15000,,450155,9.19
DRH-A,25.35,7853,25.45,8.09,,,7.44,,,7.44,9/15/2023,1.66,,REIT,DiamondRock Hos-itality Co,8.25,8/31/2024,,8/20/2024,Traditional Preferred Stock,DRH,4800000,,23.94,7000,,449127,9.36
ONBPO,24.934,12570,24.67,7.02,,,7.97,,,7.02,2/2/2024,1.63,,BANK,OLD NATIONAL BANCORP /IN/,7,8/20/2024,,6/18/2024,Traditional Preferred Stock,ONB,4900000,,64.57,45000,,448940,9.16
CLDT-A,21.63,6204,21.61,7.66,,,13.77,,,7.66,12/28/2023,2.49,,REIT,Chatham Lodging Trust,6.63,6/30/2024,,6/23/2024,Traditional Preferred Stock,CLDT,4800000,,16.38,30000,,445243,9.28
FCRX,23.68,1704,23.66,5.28,,,,7.82,7.85,5.28,11/30/2023,,2.39,BDC,"Crescent Ca-ital BDC, Inc.",5,5/25/2024,5/25/2024,6/18/2024,Exchange-Traded Debt Security,,4500000,,50.00,100000,,444221,9.87
MHLA,16.84,2028,16.73,9.86,,,,12.04,10.89,9.86,11/29/2023,,22.45,INSURANCE,"Maiden Holdings, Ltd.",6.63,6/14/2024,6/14/2024,6/7/2024,Exchange-Traded Debt Security,MHLD,4400000,,7.57,75000,,441702,10.04
AGM-F,20.52,9733,20.52,6.40,,,18.09,,,6.40,12/29/2023,1.79,,MORTGAGE,FEDERAL AGRICULTURAL MORTGAGE CORP,5.25,10/17/2024,,8/13/2024,Traditional Preferred Stock,AGM,4800000,,92.23,10000,,441043,9.19
AMH-G,23.84,3596,23.82,6.17,,,,,,6.17,12/14/2023,,,REIT,American Homes 4 Rent,5.88,7/17/2024,,7/10/2024,Traditional Preferred Stock,AMH,4600000,,42.43,60000,BB+,440926,9.59
ACR-C,23.22,5479,23.22,9.30,12.40,12.18,22.86,,,9.30,9/29/2023,0.57,,REIT,ACRES Commercial Realty Cor-.,8.625,7/30/2024,,6/3/2024,Traditional Preferred Stock,ACR,4800000,Libor,6.53,200000,,440257,9.17
EFC-B,20,5505,20.00,7.81,11.10,12.99,14.98,,,7.81,12/28/2023,3.07,,MORTGAGE,Ellington Financial Inc.,6.25,1/30/2024,,12/8/2024,Traditional Preferred Stock,EFC,4800000,5Y TNX,20.23,30000,,439702,9.16
GNL-B,20.58,7559,19.86,8.48,,,38.97,,,8.48,1/4/2024,0.90,,REIT,"Global Net Lease, Inc.",6.88,11/26/2024,,11/20/2024,Traditional Preferred Stock,GNL,4700000,,22.46,60000,,432938,9.21
ESGRO,25,21092,24.81,7.00,,,11.54,,,11.54,11/14/2023,0.16,,INSURANCE,Enstar Grou- LTD,7,3/1/2024,,11/14/2024,Traditional Preferred Stock,ESGR,4400000,,6.28,85000,BBB-,428423,9.74
RC-E,19.07,13722,19.07,8.52,,,20.17,,,8.52,12/28/2023,2.43,,MORTGAGE,Ready Ca-ital Cor-,6.5,6/10/2024,,,Traditional Preferred Stock,RC,4600000,,3.05,45000,,427228,9.29
SHO-H,21.5,9075,21.50,7.12,,,13.68,,,7.12,12/28/2023,2.39,,REIT,"Sunstone Hotel Investors, Inc.",6.13,5/24/2024,,5/11/2024,Traditional Preferred Stock,SHO,4600000,,65.57,70000,,426929,9.28
ACR-D,21.4624,1831,21.46,9.17,,,15.72,,,9.17,9/29/2023,2.38,,REIT,ACRES Commercial Realty Cor-.,7.88,5/21/2024,,5/14/2024,Traditional Preferred Stock,ACR,4600000,,249.46,100000,,426490,9.27
AMH-H,24.81,13780,24.79,6.29,,,,,,6.29,12/14/2023,,,REIT,American Homes 4 Rent,6.25,9/19/2024,,9/12/2024,Traditional Preferred Stock,AMH,4600000,,33.59,50000,BB+,424942,9.24
CODI-C,25.1058,8074,24.67,7.85,,,9.11,,,9.11,10/12/2023,1.08,,OTHER,Com-ass Diversified Holdings,7.88,1/30/2024,,11/13/2024,Traditional Preferred Stock,CODI,4600000,,25.50,50000,,424744,9.23
PMT-A,23.3,19251,23.17,8.71,,,59.31,,,8.71,11/30/2023,0.20,,REIT,PennyMac Mortgage Investment Trust,8.12,3/15/2024,,3/9/2024,Traditional Preferred Stock,PMT,4600000,,55.83,70000,,424167,9.22
REGCO,24.19,14387,23.87,6.08,,,13.01,,,6.08,1/12/2024,0.74,,REIT,REGENCY CENTERS CORP,5.88,10/1/2024,,9/26/2024,Traditional Preferred Stock,REG,4000000,,6.86,4000,,423850,10.60
REGCP,24.76,8727,24.42,6.30,,,,,,6.30,1/12/2024,,,REIT,REGENCY CENTERS CORP,6.25,9/18/2024,,9/14/2024,Traditional Preferred Stock,REG,4000000,,5.82,5000,,423415,10.59
MSBIP,24.95,5472,24.92,7.77,8.72,10.12,8.08,,,7.77,12/14/2023,3.74,,BANK,"Midland States Bancor-, Inc.",7.75,9/30/2024,,8/17/2024,Traditional Preferred Stock,MSBI,4600000,5Y TNX,81.21,200000,,421838,9.17
HTLFP,24.5,4937,24.50,7.14,10.88,12.31,8.53,,,7.14,12/30/2024,1.53,,BANK,HEARTLAND FINANCIAL USA INC,7,7/15/2024,,6/19/2024,Traditional Preferred Stock,HTLF,4600000,5Y TNX,82.14,8000,,421438,9.16
NMFCZ,25.92,40824,,7.98,,,,,,7.98,,,,BDC,,8.25,11/15/2024,11/15/2024,,Exchange-Traded Debt Security,NMFC,4600000,,31.45,40000,,420879,9.15
EFC-A,23.2,12324,23.20,7.28,11.62,11.41,16.59,,,7.28,12/28/2023,0.82,,MORTGAGE,Ellington Financial Inc.,6.75,10/30/2024,,10/16/2024,Traditional Preferred Stock,EFC,4600000,Libor,35.86,100000,,417213,9.07
EP-C,46.69,2410,46.66,5.10,,,,6.78,6.75,5.10,12/14/2023,,4.24,OIL & GAS,EMPIRE PETROLEUM CORP,4.75,3/31/2024,3/31/2024,,Traditional Convertible Preferred Stock,KMI,4400000,,21.05,30000,BB+,415188,9.44
CIO-A,21.02,7378,20.64,7.90,,,,,,7.90,1/9/2024,,,REIT,"City Office REIT, Inc.",6.63,10/4/2024,,9/26/2024,Traditional Preferred Stock,CIO,4500000,,7.66,80000,,412272,9.16
GSL-B,25.49,10583,25.48,8.59,,,,,,8.59,12/20/2023,,,SHIPPING,"Global Shi- Lease, Inc.",8.75,8/20/2024,,8/13/2024,Traditional Preferred Stock,GSL,4400000,,76.79,150000,,409771,9.31
BFS-E,22.58,6553,22.58,6.64,,,23.04,,,6.64,12/29/2023,0.71,,REIT,"SAUL CENTERS, INC.",6,9/17/2024,,9/10/2024,Traditional Preferred Stock,BFS,4400000,,27.33,20000,,409328,9.30
DX-C,23.3,7530,23.30,7.40,11.86,11.64,13.18,,,7.40,12/28/2023,1.28,,MORTGAGE,DYNEX CAPITAL INC,6.9,4/15/2024,,2/14/2024,Traditional Preferred Stock,DX,4500000,Libor,45.14,100000,,408744,9.08
PEB-E,21.185,2165,21.19,7.51,,,,,,7.51,12/28/2023,,,REIT,Pebblebrook Hotel Trust,6.38,3/4/2024,,2/27/2024,Traditional Preferred Stock,PEB,4400000,,22.20,10000,,408124,9.28
BML-J,22.15,84583,,7.16,7.16,6.93,,,,7.16,11/14/2023,,,BANK,BANK OF AMERICA CORP /DE/,,11/28/2024,,11/15/2024,Traditional Preferred Stock,BAC,8400000,Libor,39.39,34,BBB-,407671,4.85
PCG-A,22.58,9102,21.95,6.76,,,,,,6.76,1/30/2024,,,ELECTRIC,PG&E Cor-,6,,,,Traditional Preferred Stock,PCG,4200000,,7.80,25000,,407346,9.70
FNB-E,24.95,9388,24.66,7.25,10.21,10.01,18.46,,,7.25,10/30/2023,0.12,,BANK,FNB CORP/PA/,7.25,2/15/2024,,10/29/2024,Traditional Preferred Stock,FNB,4400000,Libor,32.96,35000,,406297,9.23
IVR-B,23.25,11708,23.20,8.34,11.58,11.37,16.69,,,8.34,12/4/2023,0.98,,MORTGAGE,Invesco Mortgage Ca-ital Inc.,7.75,12/27/2024,,9/4/2024,Traditional Preferred Stock,IVR,4400000,Libor,28.09,100000,,406157,9.23
ENO,22.85,12585,22.84,6.04,,,,6.26,6.23,6.04,12/28/2023,,42.24,ELECTRIC,ENTERGY,5.5,4/1/2024,4/1/2024,3/15/2024,Exchange-Traded Debt Security,ETR,4400000,,17.44,25000,BBB,403837,9.18
VLYPO,23.92,16307,23.90,9.58,9.58,9.37,,,,9.58,12/13/2023,,,BANK,VALLEY NATIONAL BANCORP,5.5,6/30/2024,,7/27/2024,Traditional Preferred Stock,VLY,4000000,Libor,55.47,15000,BB,394767,9.87
SAT,24.1602,3573,23.99,6.21,,,21.37,7.48,7.60,6.21,11/14/2023,0.31,3.32,BDC,SARATOGA INVESTMENT CORP.,6,4/27/2024,4/30/2024,4/18/2024,Exchange-Traded Debt Security,SAR,4200000,,2.69,45000,,392300,9.34
ONBPP,24.89,19599,24.63,7.03,,,8.09,,,7.03,2/2/2024,1.63,,BANK,OLD NATIONAL BANCORP /IN/,7,8/20/2024,,5/13/2024,Traditional Preferred Stock,ONB,4300000,,183.50,5000,,390421,9.08
AJXA,24.68,6100,24.68,7.33,,,,10.87,11.41,7.33,12/28/2023,,0.32,MORTGAGE,Great Ajax Cor-.,7.25,4/30/2024,4/30/2024,4/25/2024,Convertible Exchange-Traded Debt Security,AJX,4099999,,3.64,150000,,388126,9.47
FTAIN,24.41,7599,24.28,8.45,11.64,13.08,9.90,,,8.45,11/30/2023,2.45,,SHIPPING,FTAI Aviation Ltd.,8.25,6/15/2024,,3/18/2024,Traditional Preferred Stock,FTAI,4200000,5Y TNX,23.08,75000,,386614,9.21
FTAIP,24.89,5898,24.76,8.28,12.53,12.33,9.88,,,8.28,11/30/2023,0.70,,SHIPPING,FTAI Aviation Ltd.,8.25,9/15/2024,,9/5/2024,Traditional Preferred Stock,FTAI,4200000,Libor,39.77,75000,,386209,9.20
RCB,24.0599,,23.71,6.44,,,,8.82,8.59,6.44,1/11/2024,,2.57,MORTGAGE,Ready Ca-ital Cor-,6.2,7/30/2024,7/30/2024,7/18/2024,Exchange-Traded Debt Security,RC,4200000,,12.93,25000,,384875,9.16
ASB-E,20.25,9433,20.16,7.26,,,,,,7.26,11/30/2023,,,BANK,ASSOCIATED BANC-CORP,5.88,12/15/2024,,9/19/2024,Traditional Preferred Stock,ASB,4000000,,8.59,30000,BB-,372878,9.32
AGM-D,23.5574,3973,23.56,6.07,,,17.97,,,6.07,12/29/2023,0.54,,MORTGAGE,FEDERAL AGRICULTURAL MORTGAGE CORP,5.7,7/17/2024,,5/8/2024,Traditional Preferred Stock,AGM,4000000,,16.45,600,,372006,9.30
SHO-I,20.66,3974,20.79,6.85,,,14.32,,,6.85,12/28/2023,2.53,,REIT,"Sunstone Hotel Investors, Inc.",5.7,7/16/2024,,7/14/2024,Traditional Preferred Stock,SHO,4000000,,16.40,40000,,371998,9.30
CODI-A,24.2721,5454,23.87,7.46,,,,,,7.46,10/12/2023,,,OTHER,Com-ass Diversified Holdings,7.25,7/30/2024,,6/19/2024,Traditional Preferred Stock,CODI,4000000,,207.31,15000,,371863,9.30
BPOPM,25.55,2511,25.53,5.99,,,,5.79,6.01,6.01,10/12/2023,,10.91,BANK,"POPULAR, INC.",6.13,12/1/2024,12/1/2024,11/29/2024,Trust Preferred Security,BPOP,5200000,,16.52,10000,B+,370183,7.12
CODI-B,25.0934,5472,24.66,7.85,10.54,10.34,8.42,,,8.42,10/12/2023,4.32,,OTHER,Com-ass Diversified Holdings,7.875,4/30/2024,,3/6/2024,Traditional Preferred Stock,CODI,4000000,Libor,25.62,15000,,367951,9.20
FHN-D,24.33,8214,,6.29,9.51,9.51,,,,6.29,10/16/2023,,,BANK,FIRST HORIZON CORP,6.1,5/1/2024,,3/28/2024,Traditional Preferred Stock,FHN,4000000,SOFR,35.18,85000,BB-,366518,9.16
EFC-C,23.8,6834,23.80,9.06,9.58,11.05,10.20,,,9.06,12/28/2023,4.32,,MORTGAGE,Ellington Financial Inc.,8.625,4/30/2024,,2/2/2024,Traditional Preferred Stock,EFC,4000000,5Y TNX,40.25,25000,,363107,9.08
INN-F,20.3,12441,20.13,7.24,,,15.96,,,7.24,11/15/2023,2.61,,REIT,"Summit Hotel Pro-erties, Inc.",5.88,8/12/2024,,8/5/2024,Traditional Preferred Stock,INN,4000000,,22.73,200000,,362022,9.05
ASB-F,19.72,4309,19.63,7.13,,,22.64,,,7.13,11/30/2023,1.70,,BANK,ASSOCIATED BANC-CORP,5.63,9/15/2024,,6/10/2024,Traditional Preferred Stock,ASB,4000000,,50.33,45000,BB-,361233,9.03
EPR-E,28.23,11245,28.23,7.97,,,,,,7.97,12/28/2023,,,REIT,EPR PROPERTIES,9,4/20/2024,,3/28/2024,Traditional Convertible Preferred Stock,EPR,3400000,,19.56,100000,B+,317973,9.35
BHR-B,13.44,16654,13.44,10.23,,,,,,10.23,12/28/2023,,,REIT,Braemar Hotels & Resorts Inc.,5.5,6/11/2024,,4/27/2024,Traditional Convertible Preferred Stock,BHR,3100000,,112.47,75000,,290684,9.38
NYCB-U,41.1654,0,40.64,7.29,,,,8.11,7.85,7.29,1/30/2024,,27.74,BANK,NEW YORK COMMUNITY BANCORP INC,6,,10/1/2024,10/30/2024,Trust Preferred Security,NYCB,2900000,,5.57,30000,,289609,9.99
XELAP,1.5518,57463,1.55,96.66,,,,,,96.66,9/19/2022,,,FINANCE,"Exela Technologies, Inc.",6,,,,Traditional Convertible Preferred Stock,XELA,3000000,,11.88,80000,,277709,9.26
WFC-L,1175,8005,1170.25,6.38,,,,,,6.38,11/29/2023,,,BANK,WELLS FARGO & COMPANY/MN,7.5,,,4/14/2024,Traditional Convertible Preferred Stock,WFC,4000000,,4.47,100000,BB+,246673,6.17
SLMBP,67.53,13980,,10.80,10.80,10.50,,,,10.80,12/1/2023,,,FINANCE,SLM Cor-,0.7,6/15/2024,,6/3/2024,Traditional Preferred Stock,SLM,4000000,Libor,45.34,150000,,229991,5.75
UGIC,59.84,3569,59.17,12.12,,,,178.22,290.92,12.12,11/29/2023,,0.41,OTHER,UGI CORP /PA/,7.25,,6/1/2024,5/17/2024,Mandatory Convertible Security,UGI,2200000,,17.14,100000,,202860,9.22
LXP-C,46.6,15542,46.08,6.97,,,,,,6.97,1/30/2024,,,REIT,LXP Industrial Trust,6.5,11/16/2024,,12/3/2024,Traditional Convertible Preferred Stock,LXP,1900000,,22.13,10000,,184007,9.68
CTA-B,69.644,3650,68.87,6.44,,,,,,6.44,1/11/2024,,,OTHER,"EIDP, Inc.",4.5,,,,Traditional Preferred Stock,CTVA,1700000,,45.39,2000,BBB,159296,9.37
BAC-L,1174.99,8680,1174.99,6.17,,,,,,6.17,12/28/2023,,,BANK,BANK OF AMERICA CORP /DE/,7.25,1/30/2024,,1/25/2024,Traditional Convertible Preferred Stock,BAC,3100000,,1.67,40000,BBB-,145062,4.68
USB-A,812.15,1911,812.15,8.14,8.14,7.89,,,,8.14,12/28/2023,,,BANK,US BANCORP \DE\,7.189,4/15/2024,,6/4/2024,Traditional Preferred Stock,USB,574000,Libor,5.48,10000,BBB,54220,9.45